"","baseMean","log2FoldChange","lfcSE","stat","pvalue","padj"
"ENSG00000002834",7168.82575403564,-0.398577027515812,0.102371469002604,-3.89343858595675,9.88332318375863e-05,0.00153323506986773
"ENSG00000003096",377.977300973334,0.920204124263585,0.186973554303666,4.92157368292348,8.58510675885992e-07,2.42852677493777e-05
"ENSG00000003402",2546.61419680864,-1.18342545241097,0.16355923194096,-7.23545493805052,4.63971177311536e-13,5.56316408408703e-11
"ENSG00000003987",25.5043187098086,-0.988022127426788,0.326515195905805,-3.02596062852713,0.0024784457295148,0.0219761039518285
"ENSG00000004059",1225.35425318088,-0.369205502311227,0.104110555657008,-3.5462830832214,0.000390706253238377,0.00492289879080356
"ENSG00000004487",1237.79987702344,0.298900502409832,0.0829066229820873,3.60526688530556,0.000311832297889409,0.00405550131307235
"ENSG00000004700",1035.33054232716,-0.366665403657817,0.116614466780591,-3.14425314268851,0.00166511331260273,0.0159680758073899
"ENSG00000004799",914.379014067714,-2.5440316434074,0.901187392370752,-2.82297740175305,0.00475799252070841,0.0362110118744331
"ENSG00000004846",17.9991680687101,1.88140579346493,0.699285278742741,2.69046961327078,0.00713515327210324,0.049388016224223
"ENSG00000004866",412.129049598094,0.582198134245844,0.178173953093345,3.26758274224759,0.00108470154414862,0.0113829351767375
"ENSG00000005007",2261.97159931419,-0.241512688686799,0.0840701647407505,-2.87275146220492,0.00406914098857573,0.0320852716472974
"ENSG00000005100",485.155503010875,-0.371204801079659,0.13231165900711,-2.80553357024805,0.00502333484455678,0.0377321878692758
"ENSG00000005249",298.031602932061,-0.647094320428475,0.215905729157512,-2.99711509719315,0.00272547790568316,0.0236585739734337
"ENSG00000005471",33.6639882396994,1.21874995774277,0.434357059767781,2.80587118439917,0.00501807485288415,0.037726909846623
"ENSG00000005812",1409.31948532894,-0.473648449143803,0.166875370895841,-2.83833645792727,0.00453493519497226,0.0348759621641396
"ENSG00000006025",160.284813182945,0.929615391135627,0.250706646794032,3.70798063403303,0.000208918629096604,0.002901907863797
"ENSG00000006114",995.873717984987,0.514658324372858,0.102141243545517,5.03869256441458,4.68722682625932e-07,1.42340049944493e-05
"ENSG00000006451",1095.51669885864,0.580354497381907,0.19177528391484,3.02622155230192,0.00247630783100709,0.0219676281810343
"ENSG00000006607",877.94200094218,-0.598070565154204,0.173932248246144,-3.4385260420933,0.000584890277211142,0.0068365948440057
"ENSG00000006788",10.2533800835302,-3.16906966991619,1.06635566731726,-2.97186929937638,0.00295992659941235,0.025118829155287
"ENSG00000006831",1093.98214371166,-0.241058056414181,0.0815995854740908,-2.95415785525922,0.00313523590357537,0.0262604141498192
"ENSG00000007866",1619.47548903829,-0.596709338421381,0.161887800553255,-3.68594382271002,0.000227856613503694,0.00312294628463581
"ENSG00000007944",339.643688264593,0.500203233841198,0.145787580316251,3.43104146976119,0.000601268675415481,0.00700600522419856
"ENSG00000008083",301.247719397731,-0.451953294827148,0.14019827574951,-3.22367227707311,0.0012655814669279,0.0128159687379731
"ENSG00000008130",1664.47375702091,-0.793989392538643,0.145234567872253,-5.46694498541856,4.57858079010775e-08,1.82995535449791e-06
"ENSG00000008256",3716.57738197619,-1.20460599147233,0.204365614829746,-5.89436727149949,3.76119777299522e-09,1.92567109121532e-07
"ENSG00000008311",721.942089206498,-1.1077708147777,0.16962582346805,-6.53067317304052,6.54747343190411e-11,5.00760468032666e-09
"ENSG00000008513",1568.49022726857,0.575941985848562,0.214489917435732,2.68517043940367,0.00724928278669595,0.0499547351096567
"ENSG00000008710",5426.4748906373,-0.491574442859735,0.179460599142581,-2.73917754208086,0.0061593102054802,0.0441120540149709
"ENSG00000008853",558.505610561996,-0.566903215286318,0.175620442479513,-3.228002431166,0.00124657914675818,0.0126889087912556
"ENSG00000009335",2101.66872676796,-0.207579605859771,0.0746319579719542,-2.78137692619263,0.00541288502188831,0.0399717176785204
"ENSG00000009413",7584.98097699963,-1.12006249769771,0.168388072372434,-6.65167361272715,2.89778760410797e-11,2.43689514128266e-09
"ENSG00000009780",174.392845904975,-0.587181816207115,0.207236210635634,-2.83339390546716,0.00460565936062007,0.0352973934915975
"ENSG00000010017",1856.34455429236,-0.737040834289781,0.159663273157522,-4.61622024723634,3.90792206135159e-06,9.383557042664e-05
"ENSG00000010256",1795.21830004503,-0.469999351127252,0.111330566559394,-4.22165597151176,2.42514056232699e-05,0.000463695857519003
"ENSG00000010278",3881.37270015337,-0.569682714795423,0.209492180922153,-2.71935072845089,0.00654102107469631,0.0462751719349947
"ENSG00000010818",1411.20251251096,0.348979302165738,0.120590017257729,2.89393193650423,0.00380450620939054,0.0303984298802765
"ENSG00000011198",1159.4037990956,-1.08961551650909,0.202040001347418,-5.39306825006122,6.92646284251842e-08,2.61239750049636e-06
"ENSG00000011304",3588.89945478115,-0.347137109421297,0.120163778084738,-2.88886647003142,0.00386633216992859,0.0308393920077781
"ENSG00000011347",148.300234191735,0.935525429775897,0.230103395012519,4.06567417106122,4.78938102497833e-05,0.000822649226887451
"ENSG00000011454",2319.16725007544,-0.447738793248925,0.157862817810958,-2.83625238328822,0.00456463588640712,0.0350303224590255
"ENSG00000011478",141.609713043936,-0.687432177646697,0.163432488443654,-4.20621495880667,2.59683247363864e-05,0.000489473950533206
"ENSG00000011485",966.624110056938,-0.551724387041614,0.111069822819047,-4.96736532964918,6.78686582473039e-07,1.96776757180366e-05
"ENSG00000011566",1396.12427396555,-0.818792772038101,0.177262931928688,-4.619086252999,3.85433622790957e-06,9.27388517676524e-05
"ENSG00000012048",221.111604295128,1.20941801135664,0.173675340514174,6.96367145604035,3.315172451952e-12,3.36680218685945e-10
"ENSG00000012171",1267.55265196041,0.749463652083712,0.189118805187701,3.96292505835084,7.40370278332959e-05,0.00119338955965464
"ENSG00000012822",6054.74994366009,-0.420401412663243,0.147347634159009,-2.85312631629748,0.00432914097124352,0.0336640522805694
"ENSG00000013293",244.497326184804,2.83699734323598,0.359835831493545,7.88414353140059,3.167001007318e-15,4.7086970976804e-13
"ENSG00000013297",3431.57264316715,1.71612064413965,0.263217435264467,6.5197833206428,7.04090276594824e-11,5.36291712726017e-09
"ENSG00000013523",345.192888791628,0.307310664064498,0.113849580790326,2.69926917544355,0.00694919439258476,0.0483801657872966
"ENSG00000013561",887.466394445014,-0.316493070151453,0.111815143173802,-2.83050274916257,0.00464749117813159,0.0355842345947839
"ENSG00000013583",1388.11952782407,-0.394233782303121,0.139791731327434,-2.82015093853947,0.004800106521367,0.0364568776868025
"ENSG00000013619",1098.19724233404,-0.348308076736425,0.12951035072249,-2.68942269705351,0.00715757225294929,0.0494643951275194
"ENSG00000014216",3449.7740320896,-0.266449069183373,0.0821342021324236,-3.24406961126599,0.00117834944839009,0.0121126241694302
"ENSG00000015520",17.5128244945455,2.56025174755769,0.717952598461427,3.56604565962198,0.000362408257238957,0.00459751362510991
"ENSG00000016391",92.1114413835648,2.0430772113086,0.45320433911792,4.50807071989884,6.54197723749823e-06,0.000146485116817957
"ENSG00000017483",445.787471591791,0.95869370533721,0.266680392535235,3.59491635745415,0.000324495812505003,0.00419511389383066
"ENSG00000017797",3342.94394079639,-0.565249347930878,0.102932758149519,-5.49144274468777,3.98663567353442e-08,1.61068747810081e-06
"ENSG00000018189",992.70381375789,0.310710655333396,0.106681585221907,2.91250504655599,0.00358542406876381,0.029149215362194
"ENSG00000019144",2982.95073834048,-0.365232505631932,0.134337331605241,-2.71877147824546,0.00655248604828706,0.0463183909158084
"ENSG00000019186",14.0876049307722,4.42927043190452,1.03556412184257,4.27715709580934,1.89295222274584e-05,0.000374659393607364
"ENSG00000019991",1197.69034090821,0.98064488128403,0.223792891970323,4.38193042080208,1.17632379230606e-05,0.000248334359490074
"ENSG00000019995",2078.38755449834,-0.920560398782293,0.113390275698967,-8.11851274818514,4.71931146543701e-16,7.83110746295954e-14
"ENSG00000020129",1036.83841336722,0.495405339869681,0.154001951696139,3.21687702274816,0.00129594134750487,0.0130826018160663
"ENSG00000020577",3105.00555637675,-1.20709189759549,0.148006476789993,-8.15566942592819,3.47251055738629e-16,6.03145875785272e-14
"ENSG00000021355",621.897934398472,-0.591468372057989,0.10083311962478,-5.86581446908479,4.46933328696764e-09,2.22687826108026e-07
"ENSG00000021645",35.9587320894996,-1.86912760347914,0.629659691394754,-2.96847269886191,0.00299283687336145,0.0252826696779194
"ENSG00000022267",10395.0649374008,-0.509109861004576,0.178327913550317,-2.85490841489,0.00430492411415112,0.0335037749838771
"ENSG00000022840",2666.0811750617,-0.275893943416535,0.0819574568132118,-3.36630679067216,0.000761819291741438,0.00852916357651483
"ENSG00000023608",233.123400185064,-0.731422588408943,0.221548665487689,-3.30140823371191,0.000962007982634558,0.0103048520791143
"ENSG00000023697",480.854784489581,-0.318138989044447,0.105173060962123,-3.02490947904445,0.00248707551786701,0.02203052595934
"ENSG00000023909",1927.71101011188,-1.24616569764794,0.200068991093435,-6.22867987106492,4.70381830714619e-10,2.99385148076411e-08
"ENSG00000025423",169.20409821807,2.18449368646269,0.50620087525615,4.31546801525635,1.5926511214557e-05,0.000322785399043122
"ENSG00000025708",144.696532500223,-1.27466218651628,0.312204435867303,-4.08278051199135,4.45000480152621e-05,0.000775101586095263
"ENSG00000026950",733.925100832699,0.885350218528458,0.139585958000558,6.34268827044135,2.25790015825395e-10,1.53710895388827e-08
"ENSG00000027697",1439.34263801554,-0.403417658464247,0.137256039910892,-2.93916142944346,0.00329101614203321,0.0273051495534318
"ENSG00000028137",518.90384690796,-0.809575454668855,0.2151372319676,-3.76306531075373,0.000167843345693013,0.00240136149322913
"ENSG00000028277",34.4574837048717,2.01643603697078,0.519569582778704,3.88097399040702,0.000104038968255391,0.00160595035301199
"ENSG00000031081",329.249628016212,0.682364932756401,0.218632081284859,3.12106498161784,0.00180198266240918,0.0169912977071916
"ENSG00000031698",2847.44870718974,0.534425629357993,0.0946822903426612,5.64440960842701,1.65749034875981e-08,7.36948759131605e-07
"ENSG00000031823",1526.65531808186,0.393608345578115,0.117208405351066,3.35819213988253,0.000784540587698086,0.00873618143940618
"ENSG00000032742",221.768456424455,0.641752401172622,0.143663181988799,4.46706241841878,7.93009976478395e-06,0.000174209106534881
"ENSG00000033327",1291.54212703806,-0.379113955794378,0.128131595703931,-2.95878587721942,0.00308853621757347,0.0259613051124392
"ENSG00000033867",2313.67894079298,0.92906596009634,0.154100046720789,6.02897909420945,1.6499862757346e-09,9.29242270743258e-08
"ENSG00000034152",1144.90078631016,-0.846216128500045,0.216647601048453,-3.90595660604979,9.38533546385304e-05,0.00146947312212054
"ENSG00000034533",105.286685658741,0.668967480013715,0.192792255564516,3.4698877195814,0.000520675975670308,0.00622700322254355
"ENSG00000034713",1399.28597316228,-0.369855879779472,0.0883810343749275,-4.18478786082634,2.85432534291309e-05,0.000532072582728584
"ENSG00000035115",464.17807490012,0.463039877617097,0.114070001819189,4.05926071914205,4.92283243726439e-05,0.000843233556189481
"ENSG00000035403",16756.3935853298,-0.84240764528976,0.198393403831144,-4.24614744755702,2.17477542768826e-05,0.000422784532673498
"ENSG00000035664",633.042902717231,-1.56942979659476,0.441800461640862,-3.5523498340537,0.000381806876641977,0.00483041579468423
"ENSG00000035681",1037.24201080533,0.336044356079444,0.0906763057394381,3.70597757968967,0.000210576927791767,0.0029206121486097
"ENSG00000037637",628.295033432323,-0.364985907805273,0.124425538548866,-2.93336811768697,0.00335306072961871,0.0277047820321382
"ENSG00000038274",1701.28343342274,-0.52863367623441,0.13087162587719,-4.03932993642549,5.36041176728557e-05,0.000906490015423133
"ENSG00000039560",5050.92218159088,-0.534813173257718,0.186194643005388,-2.87233383638348,0.00407452290181505,0.0321035734908314
"ENSG00000040731",72.2700084929553,1.8245018397667,0.676874492401978,2.69548027034114,0.00702872401558383,0.0488332096559348
"ENSG00000041515",10.1316966637824,-1.73918693417164,0.527998078477191,-3.29392663546742,0.000987982816473074,0.0105389583386648
"ENSG00000042088",190.048001902712,0.414549924461279,0.150001680799866,2.76363519562407,0.00571614068369895,0.0414978416431816
"ENSG00000042286",594.47788466021,-0.707631136086698,0.0926398274538066,-7.63851958208306,2.19733540078277e-14,2.87587876222167e-12
"ENSG00000043143",1529.01864360997,-0.317628411163605,0.1012273993279,-3.1377711298769,0.00170237746895164,0.0162515510194627
"ENSG00000044090",1103.21015795641,0.508931929965243,0.0988656214854625,5.14771385966635,2.63680305185698e-07,8.53745378375644e-06
"ENSG00000046653",1090.45825722703,-2.5844785518906,0.765064528075453,-3.37811839008136,0.000729836519530036,0.00825563707575515
"ENSG00000048342",829.359722449446,0.407305045936643,0.125489793835861,3.24572248855069,0.00117152980349799,0.0120625381706427
"ENSG00000048405",363.389429638926,-0.385133709695376,0.122176299621712,-3.15227839513756,0.00162001736940908,0.0156242982929256
"ENSG00000048540",60.0652121202479,-1.43088263965181,0.414988249521798,-3.44800760334937,0.000564738139415397,0.00663862006390586
"ENSG00000048707",3202.46947491404,-0.657177340718032,0.169656189618848,-3.87358305166735,0.000107246835342288,0.00164489594686835
"ENSG00000048740",5644.03525099774,-0.940262625636286,0.193815859501133,-4.85131932988584,1.22642899111658e-06,3.34210891494158e-05
"ENSG00000049089",68.1250661910953,0.763675683662649,0.214147133177308,3.56612611306988,0.000362297076363326,0.00459751362510991
"ENSG00000049246",196.030110621098,2.16542110705774,0.283147601937802,7.64767595500741,2.04644120569274e-14,2.69738367431202e-12
"ENSG00000049323",20169.9020554026,-0.693729418165234,0.0983069774868912,-7.05676683282975,1.70421225671557e-12,1.87412927757745e-10
"ENSG00000049656",1482.92470521912,-0.2610087674932,0.0959815625437699,-2.71936360042247,0.00654076650760183,0.0462751719349947
"ENSG00000049759",1212.98843820386,1.08133034460719,0.194029819888792,5.57301112389296,2.50373576983472e-08,1.05844344824173e-06
"ENSG00000051108",2272.41984444954,-0.747890406351555,0.0909987867457919,-8.21868546929984,2.05745862012824e-16,3.67671812068109e-14
"ENSG00000051620",1175.49900412891,-0.41026860298079,0.0820445492304989,-5.00055892595822,5.71643531666929e-07,1.71078825056842e-05
"ENSG00000051825",225.873309609759,0.443008378999583,0.129773890160027,3.4136942219525,0.000640884603898432,0.00740263540301576
"ENSG00000053254",3773.07587769826,-0.400574025363778,0.139744246097823,-2.86647956212358,0.00415064958908102,0.0325237465967043
"ENSG00000053747",1196.32141855668,-0.878639608606113,0.259923459834656,-3.38037824352229,0.00072386138560269,0.00820604466923423
"ENSG00000054118",2789.53481627354,0.192404231877074,0.0707662020015702,2.71887181217955,0.00655049886730093,0.0463183909158084
"ENSG00000054277",130.03676665067,-0.793060019495412,0.272799114500243,-2.90712094483249,0.00364772133824369,0.0295265248568201
"ENSG00000054938",93.3812373991456,1.37682502674319,0.429973655225163,3.20211485055333,0.00136422594774202,0.0136386820335819
"ENSG00000054965",1640.61562470618,0.248254779047515,0.0758159624396434,3.27443945917258,0.00105871822239125,0.0111354149197178
"ENSG00000055163",284.232234651173,1.01191320181456,0.259681384210412,3.89674910618407,9.74925240041673e-05,0.00151623310344556
"ENSG00000056586",1378.69389410723,-0.36882938424807,0.102804642948945,-3.58767244035116,0.00033364307181613,0.00428821334004342
"ENSG00000056736",73.8587890213004,1.01633687324432,0.28137581160106,3.61202644769373,0.000303813571658433,0.00398277279183281
"ENSG00000057252",1226.19153273194,-0.663580750440806,0.152622824553926,-4.34784739687703,1.3748020400907e-05,0.000284212412848562
"ENSG00000057657",212.553567505953,-1.27055143610842,0.297882906185834,-4.26527138591761,1.99659362557639e-05,0.000391834134438618
"ENSG00000058063",1642.47387625129,-0.368862742950369,0.135178753091429,-2.72870354633976,0.00635838361731173,0.0452716344578117
"ENSG00000058085",71.1878221681526,-0.892343629119059,0.207640295137465,-4.2975455632458,1.72699769060049e-05,0.00034698650897092
"ENSG00000058262",9475.10103923796,0.29043537288262,0.0923817278252741,3.14386166744937,0.00166734237821165,0.0159783465127362
"ENSG00000058272",1667.44783426186,-0.32243421444728,0.0950025791188573,-3.39395222148531,0.000688917107261893,0.00786457275089821
"ENSG00000059145",668.130504139043,-0.279588230740986,0.0887041738016624,-3.15191742122676,0.00162202138661894,0.0156285730305979
"ENSG00000060138",4817.28392423576,-0.501130929326052,0.122882409445739,-4.07813397854422,4.53986040465045e-05,0.000787064418101013
"ENSG00000060718",363.762294004358,-2.38252052544867,0.646012941331524,-3.6880383859462,0.000225989563626622,0.00310193208271844
"ENSG00000060762",301.892248003494,-0.456380067903328,0.168459726684876,-2.70913456221522,0.00674589738585478,0.0473282381714274
"ENSG00000061273",2842.42418372698,-0.590046678182993,0.129931320158276,-4.54121975720886,5.59296948828538e-06,0.000128327577703437
"ENSG00000061337",66.6914993629285,1.01276612887047,0.228732364886799,4.42773426214385,9.52281220493064e-06,0.00020579240096353
"ENSG00000062716",3074.89416507468,-0.547025145993973,0.115044197679218,-4.75491295544746,1.98531937040625e-06,5.1749173210379e-05
"ENSG00000063127",28.1992995264737,0.888751750460436,0.330452715445034,2.68949749516665,0.00715596840853887,0.0494643951275194
"ENSG00000063169",252.560934574034,-0.47797914738485,0.113518203858572,-4.21059469880574,2.54699330326785e-05,0.000481943154519124
"ENSG00000063587",578.839637315706,-0.36040755568705,0.130041531946352,-2.77148039009363,0.00558020333471112,0.0407978280785233
"ENSG00000063660",4459.26289416516,0.425671664811924,0.135835141955853,3.13373740169734,0.0017259523919409,0.0164243856652441
"ENSG00000064115",1447.52740737354,-0.828488493771946,0.166225948538515,-4.98411048970483,6.22475038178782e-07,1.83049028236593e-05
"ENSG00000064201",16.979783757302,1.60101316721743,0.456329257072071,3.50846048638204,0.000450708180782586,0.00555096854860461
"ENSG00000064309",348.470851504488,1.64652108244934,0.299280784925778,5.50159303697923,3.76374913878987e-08,1.53397538913179e-06
"ENSG00000064393",2607.78308065987,-0.597442515310421,0.145542836166981,-4.10492560846468,4.04445010009071e-05,0.000715867667716056
"ENSG00000064652",269.406437185961,-0.547587440140798,0.145632664805195,-3.76005919326736,0.000169873157259014,0.00242276417411061
"ENSG00000064666",8451.79335835264,-0.783988885779135,0.156813027824761,-4.99951373080587,5.74750794658977e-07,1.71732210912172e-05
"ENSG00000064687",143.273226662814,0.810545320780735,0.192097515671033,4.21944717998744,2.44902089627195e-05,0.000467780610043312
"ENSG00000064933",428.600732185431,-0.525628603644961,0.12882157213418,-4.08028403113626,4.49807043394513e-05,0.000780547516478714
"ENSG00000065308",9940.46911255163,-0.205606692969097,0.0650477841629038,-3.16085621693402,0.00157306128267178,0.0152435326634217
"ENSG00000065491",295.802168134748,0.406759302126934,0.12104723182363,3.36033543269785,0.000778478934019426,0.00868429231017469
"ENSG00000065526",1438.86865797927,-0.666121336343478,0.130862656078716,-5.09023243378763,3.57624872710178e-07,1.11517756028837e-05
"ENSG00000065665",131.365936289555,0.451955061804371,0.158936035668772,2.84362863275551,0.00446030012163582,0.0344533157774737
"ENSG00000065802",1186.00757355885,-0.310446322598274,0.111827098084862,-2.77612786091156,0.00550105700224092,0.0403939724957122
"ENSG00000065809",2255.39053258522,1.01345189361827,0.182143487354346,5.56403036056228,2.63614051581235e-08,1.10592937892489e-06
"ENSG00000065833",676.066126027813,0.659123516148758,0.198404542756896,3.3221190754507,0.000893365602415916,0.00969246918908336
"ENSG00000065882",804.092226066819,-0.579206590083052,0.142131700767914,-4.07514007750344,4.59866573185092e-05,0.00079556406824458
"ENSG00000066135",833.339170843253,0.289005296517971,0.0798947588088666,3.61732485117531,0.000297663624068266,0.00391799211217963
"ENSG00000066322",1036.6803476379,-0.526479147886142,0.0810126305521352,-6.49872920182895,8.10013149998855e-11,6.07019935190674e-09
"ENSG00000066468",28.7035272208389,2.36016166922661,0.681225894374933,3.46458008821319,0.00053105998498522,0.00631461920726187
"ENSG00000066697",547.646290675995,0.671702874643143,0.153294932957777,4.38176827950442,1.17719973479018e-05,0.000248334359490074
"ENSG00000067082",3242.40960152819,-1.11041159281695,0.155393183168971,-7.14581920630014,8.94607418276467e-13,1.0326881284887e-10
"ENSG00000067113",1190.98424125035,0.925123708440393,0.216023658311716,4.2825110715673,1.84795933979932e-05,0.000366926541988999
"ENSG00000067167",9767.04382131026,-0.621574997434248,0.182514751218376,-3.40561512581821,0.000660151729918503,0.00757759390774206
"ENSG00000067177",495.66127140705,-0.873711363767885,0.25433875649484,-3.43522700122036,0.000592057659520398,0.00691167814207701
"ENSG00000067221",297.251785040542,0.343724608139003,0.123339000694215,2.78682822306283,0.00532266852967913,0.0393796953121364
"ENSG00000067369",1878.40236760863,0.758276835775484,0.0899896931811099,8.42626315270799,3.56879098172828e-17,7.05595536121491e-15
"ENSG00000067445",651.671779867844,0.739788379679351,0.128040198779793,5.77778218660579,7.56917069687358e-09,3.60700095901014e-07
"ENSG00000067798",705.208940870332,-2.25849382434315,0.385782873893144,-5.85431333835912,4.78984829696010e-09,2.38019600532095e-07
"ENSG00000067900",2657.20543362827,-0.575338751538066,0.109668585590096,-5.24615821789192,1.55303545746887e-07,5.36490036748308e-06
"ENSG00000067955",590.325516922477,-0.449995915869024,0.152126410592286,-2.95803939708442,0.00309602551631582,0.0259889946796429
"ENSG00000068120",864.460717798873,-0.245234650154847,0.088967624860215,-2.75644820843714,0.00584328656848952,0.0422722774913888
"ENSG00000068305",1565.56753429165,-0.537469730649339,0.153636263016004,-3.49832598175961,0.000468188506369552,0.00572829716318507
"ENSG00000068383",1247.24185187194,-1.39521716210758,0.300043389307199,-4.65005133200616,3.31852423129583e-06,8.1580387352689e-05
"ENSG00000068784",273.736806886978,0.560868973740715,0.161753108230405,3.46743861602833,0.000525443735982587,0.0062638690399207
"ENSG00000068831",97.80861461703,-1.95640684801023,0.319580549223002,-6.12179574998181,9.25265837124811e-10,5.6380542894966e-08
"ENSG00000069020",835.664952835795,0.744509136011686,0.14354929366409,5.18643538402815,2.14357349693953e-07,7.08866787199665e-06
"ENSG00000069329",2962.94542111022,0.198114108761585,0.0736066385432115,2.69152501299567,0.00711261644958934,0.0492687203561751
"ENSG00000069399",358.270109803808,0.58888933223253,0.177310917390887,3.32122432672494,0.000896234708357563,0.00970659793404739
"ENSG00000069431",849.101371746355,-1.0471749572334,0.304026914835542,-3.44434951688357,0.000572435187144561,0.00672484699941951
"ENSG00000069535",394.753428992022,-1.20640970916886,0.389109313640841,-3.10043904598596,0.00193233981017776,0.017920426832412
"ENSG00000069667",528.676700119639,-0.478343727175105,0.173641788065921,-2.7547731021608,0.00587328503509596,0.042439736538592
"ENSG00000070081",1625.09739763986,0.452035154888661,0.120828591781927,3.74112739561261,0.000183196624693051,0.00258998681992802
"ENSG00000070087",2152.9932834784,0.319667845482397,0.0875670722087286,3.65054851577569,0.000261680872891653,0.00351905862712835
"ENSG00000070366",1640.78034125995,0.303687912411954,0.0959440550286127,3.16526034178342,0.00154944246077495,0.0150766430018337
"ENSG00000070371",214.860338427248,-0.563466944376655,0.156041051156065,-3.61101735858663,0.00030499824521699,0.00398901645837985
"ENSG00000070388",5.95764938530407,-2.91275055125909,0.781740426785702,-3.72598173441727,0.000194556493364146,0.00273099126070442
"ENSG00000070404",2128.11402480981,-1.8650292810439,0.299390941569245,-6.22941118815562,4.68191476910858e-10,2.99015072109564e-08
"ENSG00000070540",3487.39138889573,-0.903118772495825,0.204335985054148,-4.4197735032158,9.880440215575e-06,0.000212069836258724
"ENSG00000070610",785.253875840514,-0.43702500629168,0.112675389676196,-3.87861987917319,0.000105050755488204,0.00161887917972493
"ENSG00000070669",428.340029488504,0.964909862531042,0.172472128105058,5.59458431418719,2.21150979205605e-08,9.53617389451548e-07
"ENSG00000070718",392.944891675775,0.438728588967121,0.129992506318516,3.37502984896775,0.000738076850554743,0.00832857211145107
"ENSG00000070808",23.585469416522,2.26496320749354,0.409341640477833,5.53318544590185,3.14466681773966e-08,1.30746382120115e-06
"ENSG00000070882",1106.50519592118,1.09549521211322,0.216275293337819,5.06528136065025,4.07797583259676e-07,1.24858617543346e-05
"ENSG00000071127",9740.11786103605,-0.848089093956299,0.160845642091798,-5.27268928723776,1.34439061754242e-07,4.69652248628306e-06
"ENSG00000071205",892.552356256108,-0.476357828971732,0.164125577187657,-2.90239849957741,0.00370317141198537,0.0297808051457153
"ENSG00000071242",11135.3639028974,-0.927663648526292,0.155203340619434,-5.97708557576069,2.27164883479983e-09,1.23446180101622e-07
"ENSG00000071282",3659.86884296353,-1.59617201619858,0.227939615441229,-7.00260905989871,2.51239171057645e-12,2.59404444117018e-10
"ENSG00000071564",1219.09554436407,0.464946922838289,0.12154627270278,3.82526680991061,0.000130630532998724,0.00194532728828628
"ENSG00000072121",1027.37823384562,0.393545643467249,0.122386988126699,3.21558402156147,0.00130179380237417,0.0131345482177655
"ENSG00000072134",690.81340681411,-0.394874125159883,0.128284809366885,-3.07810509372605,0.00208321434021153,0.0191381801842962
"ENSG00000072135",392.72632289525,-0.478567470055308,0.169356278194096,-2.82580294724492,0.0047162267233803,0.035996334149496
"ENSG00000072163",665.15195346299,-1.3027052570188,0.332019820982391,-3.92357677070096,8.72439466531819e-05,0.00137993936046756
"ENSG00000072195",1209.59604323923,0.512005468571462,0.182164585780528,2.81067511765611,0.00494376775229711,0.0372435847898021
"ENSG00000072210",939.103380838377,0.968758515489447,0.160327531494474,6.04237155315296,1.51865240439874e-09,8.6577162379603e-08
"ENSG00000072310",1558.1088594437,0.754030332507497,0.277151197204285,2.72064613147498,0.00651544670908617,0.0461821422915204
"ENSG00000072571",36.627660489315,-1.54068312143272,0.305294959348993,-5.04653966353736,4.49883532314297e-07,1.3706697455838e-05
"ENSG00000072958",2129.43443527067,-1.08848871436053,0.126794395356233,-8.5846753028979,9.10933433415682e-18,1.88107754000338e-15
"ENSG00000073111",164.89059861176,0.671878234214321,0.177526227177073,3.7846702704055,0.000153912502697358,0.00224702581510636
"ENSG00000073146",89.942453415986,0.933062918365114,0.225598354596692,4.13594735667809,3.53493229797015e-05,0.000633526680402847
"ENSG00000073169",390.884693693847,-0.478659076942638,0.156439721321556,-3.05970295075362,0.00221556618618744,0.0201056140479949
"ENSG00000073331",551.374601714374,0.370420647455149,0.123793896834007,2.99223674937578,0.00276941401357328,0.02397278036435
"ENSG00000073536",292.33338097925,0.49439190153936,0.182614235670382,2.707302088057,0.00678325021356208,0.0474470098679154
"ENSG00000073712",3857.12809617059,-0.629036357424536,0.114770566789083,-5.48081598813165,4.23368638182513e-08,1.7030965672342e-06
"ENSG00000073756",71.6195676361844,1.2291349683294,0.451870368632655,2.72010526392496,0.0065261137764795,0.0462224941066584
"ENSG00000073792",2455.84901588592,-0.781747403971111,0.158062056686036,-4.94582583803728,7.58217267871627e-07,2.1712585398142e-05
"ENSG00000074047",364.253871098787,0.899722862160172,0.150304209689797,5.98601239457663,2.15047987618909e-09,1.17549024996983e-07
"ENSG00000074201",1086.15030871771,0.23876167806077,0.0779546446847275,3.06282812302456,0.00219255953404452,0.0199162849170174
"ENSG00000074219",430.68682275748,0.728255495008128,0.170649716502321,4.2675458824933,1.97635130995883e-05,0.000389506777259649
"ENSG00000074319",1040.86394340937,-0.403695079220859,0.093579072599849,-4.3139461420727,1.60366029802798e-05,0.000324309321423831
"ENSG00000074590",412.639546693256,-1.36544571906197,0.189775982378274,-7.19503965649495,6.24426138646154e-13,7.39169413168075e-11
"ENSG00000074660",29.0084659356693,-1.3345850896243,0.333766638004733,-3.99855748795772,6.37297030195544e-05,0.00105468969779022
"ENSG00000074935",264.392005702728,0.713648233756536,0.143431388544799,4.97553737014571,6.50668795301509e-07,1.90435898593363e-05
"ENSG00000075142",1208.4476541768,-0.487127723201125,0.134122753869978,-3.63195437869817,0.000281282856860535,0.00374204860039588
"ENSG00000075213",714.29854936872,1.22239563538249,0.226570685742432,5.3952064953898,6.84447907269405e-08,2.59072593820812e-06
"ENSG00000075240",576.83949575666,1.15558986020911,0.192772845913272,5.99456762042621,2.04027556863321e-09,1.12184974683575e-07
"ENSG00000075391",920.439114102738,-0.530717859717003,0.136909978411321,-3.87640014172348,0.000106013289179191,0.00163100743327422
"ENSG00000075420",5790.69133814136,-0.70387358708405,0.138121565336578,-5.096044092527,3.46824381160546e-07,1.08841470480935e-05
"ENSG00000075539",1134.27775743365,-0.363586552432155,0.115975328161868,-3.13503361615579,0.00171834419397043,0.0163855448152594
"ENSG00000075624",74595.0333669061,-0.917175388314349,0.196481776219271,-4.66799214646143,3.04157523545275e-06,7.55717590252531e-05
"ENSG00000075975",930.849131190084,-0.498293658900208,0.130027644894008,-3.83221321363156,0.000126995600922006,0.00189727752663624
"ENSG00000076513",6210.57643305943,-0.682753041167113,0.132672667046453,-5.14614695224345,2.65891160351634e-07,8.59406472197412e-06
"ENSG00000076685",987.81047533625,-0.464807813276697,0.146974208503506,-3.1625127837692,0.00156413867892126,0.0151799046202358
"ENSG00000076716",465.627115373639,-0.964683284248034,0.255232957623516,-3.77961879700113,0.000157068641552266,0.00227345849162684
"ENSG00000077063",329.883172304403,1.06367386499692,0.173979258226624,6.1137969884398,9.7288056424802e-10,5.90881872109459e-08
"ENSG00000077235",2347.71257658784,0.213129567920008,0.0736347245577447,2.89441658402444,0.00379863824225628,0.0303776642565976
"ENSG00000077254",2737.01594971387,-0.892312542596156,0.113366499070759,-7.87104259115571,3.51697870262397e-15,5.14669678647768e-13
"ENSG00000077585",668.795948960347,-0.547910088974876,0.147387805348091,-3.71747233552232,0.000201226013693198,0.00280764674511117
"ENSG00000077684",1570.63461014914,-1.20685061470615,0.109674193085261,-11.0039616500114,3.65704456459848e-28,2.61408358588703e-25
"ENSG00000077713",581.04666613206,-0.486023220823262,0.148677644844758,-3.26897309498509,0.00107938564636596,0.0113399560416684
"ENSG00000077943",468.384335044168,-1.0991131928533,0.320261244985348,-3.43192693484841,0.000599308997534531,0.00698755189408987
"ENSG00000078053",358.68988631553,-1.15002620536804,0.166797734383985,-6.89473516900756,5.39652423292428e-12,5.22366681608843e-10
"ENSG00000078070",499.048222858971,-0.552133185156969,0.179322210683414,-3.07900054908278,0.00207696298945862,0.0190901865277391
"ENSG00000078114",7.62324844923572,-3.30825003240505,1.20190275942967,-2.75251055582474,0.00591402398136093,0.0427009074178683
"ENSG00000078124",305.1634175641,-0.850655298229071,0.179515837858746,-4.73860862849561,2.15190662174646e-06,5.55460896738305e-05
"ENSG00000078177",448.978152127801,-0.416907415806134,0.141284079290316,-2.95084497772362,0.0031690592844792,0.0264627108424612
"ENSG00000078269",1092.06616752081,0.621687233105587,0.174174506736165,3.56933540249553,0.000357887991607451,0.00455884052366311
"ENSG00000078699",496.748031606387,0.572237093463881,0.111619407400771,5.12668098486901,2.94894569231258e-07,9.41686523911158e-06
"ENSG00000078804",830.556879599842,-0.587787594574209,0.17628223823637,-3.33435518209195,0.000854974077125578,0.00934138343526094
"ENSG00000079101",6.77257079390926,2.97234683174222,0.884336663201666,3.36110324882505,0.000776317996977528,0.00866538737166809
"ENSG00000079102",920.840501917594,0.373235877438953,0.134540020321351,2.77416248747008,0.00553440280498882,0.0406067414649495
"ENSG00000079134",343.295354351879,0.333235593869467,0.117734013554555,2.83041054839309,0.00464883086339173,0.0355842345947839
"ENSG00000079313",317.420787285713,-0.337745361134944,0.108439568255116,-3.1145952217401,0.00184197491936517,0.017306928147827
"ENSG00000079432",2035.23356282544,0.456972194084287,0.109278051601657,4.18173812020418,2.89289062437574e-05,0.000538721164869971
"ENSG00000079435",31.5208452155434,-1.03733962790253,0.345380221405351,-3.00347143122903,0.00266918607828335,0.0233114770981655
"ENSG00000079462",58.312011174181,1.03319817134245,0.207823258145131,4.97152330573572,6.64288769769235e-07,1.93811723487617e-05
"ENSG00000079691",1509.4530923224,-1.17748350634758,0.193309452508096,-6.09118432166822,1.12078414709352e-09,6.65487967211918e-08
"ENSG00000079950",1389.84565630545,-0.4683588245535,0.15992574661325,-2.92860176970839,0.00340490348126208,0.0280450027187136
"ENSG00000080200",492.478409135283,0.62945843843301,0.132774360043743,4.74081319786164,2.12862123529726e-06,5.50214543226698e-05
"ENSG00000080493",291.903682156382,0.787096602051789,0.218067255052986,3.60942133132524,0.00030688082097687,0.00400799722969439
"ENSG00000080573",313.661058396567,-0.914952131330974,0.303073696012215,-3.01890973505697,0.00253686103325803,0.0223978918304515
"ENSG00000080815",1780.11770977018,-0.519850797720142,0.137567674985037,-3.7788731820661,0.000157539625213259,0.00227850111641123
"ENSG00000080822",779.024639545092,-0.498862806005851,0.127057710299909,-3.92626944738991,8.62735075995441e-05,0.00136691657181375
"ENSG00000080823",115.373362443825,0.584655660985702,0.21604171706835,2.70621650725323,0.00680546607329182,0.0475665990869231
"ENSG00000080824",15243.4853175288,0.405589332197471,0.147813311592926,2.74392967606635,0.0060708541624936,0.0435456675453275
"ENSG00000080845",1713.82996347215,0.2295219728989,0.0785190881580651,2.92313599512076,0.00346525130141643,0.0284208717726498
"ENSG00000080947",107.889388763168,0.496813842448797,0.164625698599575,3.01783893204436,0.00254584176487837,0.0224345515411401
"ENSG00000081026",302.866025620553,0.338693243206711,0.114568239848464,2.95625771727566,0.00311396775772746,0.0261042358039534
"ENSG00000081052",207.134642684968,-1.97276837614567,0.407512656611399,-4.84099903190709,1.29188002045867e-06,3.49994025950793e-05
"ENSG00000081087",1156.02415955975,-0.479815463492224,0.127676126285881,-3.75806720841346,0.000171230894579097,0.00243856411935059
"ENSG00000081320",1491.69834472829,-1.11171547433397,0.29631370060672,-3.75181934570579,0.000175555950907077,0.00249633308921807
"ENSG00000081377",2308.76697277371,-0.846063786551691,0.158810369705721,-5.32750970934368,9.95684580412795e-08,3.59316464601394e-06
"ENSG00000082126",22.2125238575781,-1.22917203343809,0.399950334841152,-3.07331167487653,0.00211697259241374,0.0194099337099207
"ENSG00000082146",1148.65142905342,-0.881775938981559,0.198800434656749,-4.43548295306318,9.18661015262319e-06,0.000199687894370178
"ENSG00000082153",5818.75144245453,-0.306336262604827,0.0750127077650703,-4.0837915565484,4.43067773793308e-05,0.000772459153466101
"ENSG00000082458",383.510701562336,0.65468870237122,0.139209637378029,4.70289783596942,2.56494780890233e-06,6.49448978589236e-05
"ENSG00000082996",924.125408764971,-0.338235468522266,0.121647544128191,-2.78045455784818,0.00542828563550123,0.0400177265116185
"ENSG00000083097",456.12908118837,0.609782803411602,0.144786276743835,4.21160635610838,2.53561121540633e-05,0.000480860555493128
"ENSG00000083223",1486.90723795935,-1.1236764797211,0.175151849275785,-6.4154417116762,1.40415132593537e-10,9.91644200581525e-09
"ENSG00000083290",1522.66485036046,-1.18335073769852,0.219424255573239,-5.39298052809638,6.92984647696908e-08,2.61239750049636e-06
"ENSG00000083520",1021.92552956522,-0.311963118187999,0.103566522629675,-3.01220037389391,0.0025936133627257,0.0228014684703203
"ENSG00000083720",886.609225548062,-0.700221599773968,0.164307635692862,-4.26164978165032,2.02923277662717e-05,0.000396925661658547
"ENSG00000084090",3609.48552942064,-1.27014700383592,0.191678682129961,-6.62643852577587,3.43882585902216e-11,2.86594522824784e-09
"ENSG00000084444",260.122601810217,-0.546587682926431,0.149839505847503,-3.64782091234812,0.000264473873665386,0.00354891475961819
"ENSG00000084652",3846.63894059291,-0.41210804838846,0.126229782647767,-3.26474497336662,0.00109562674510919,0.0114587636791526
"ENSG00000084710",10.3958962831216,2.68463191723528,0.669584400668371,4.00940033034747,6.08731399376352e-05,0.0010128265942175
"ENSG00000084764",310.992834479333,0.754652222086043,0.138418378053385,5.45196550269494,4.98161214147692e-08,1.96567434499678e-06
"ENSG00000085117",1911.07297097004,-1.25090999920969,0.274933474410351,-4.54986429678131,5.36805233565267e-06,0.000123624848399139
"ENSG00000085377",603.381741498933,-0.53589242988135,0.0958814402293207,-5.58911535537692,2.28229309071962e-08,9.7959392819917e-07
"ENSG00000085415",328.564275972438,-0.674015252180578,0.129924621701291,-5.18774073270116,2.12860668724559e-07,7.05172108421733e-06
"ENSG00000085719",2729.62261069276,-0.420954898774503,0.0934496441425871,-4.50461746148764,6.64926112968915e-06,0.000148708204687452
"ENSG00000086015",1782.6409352184,0.3431260722907,0.101835468421211,3.3694161534316,0.000753276050690882,0.00845899420065863
"ENSG00000086062",3113.37951436047,0.600242311257243,0.122287757947224,4.90844154258099,9.18029841158262e-07,2.57339134207033e-05
"ENSG00000086102",1104.31727708679,0.345885477920058,0.105010816068521,3.29380811300773,0.000988399482609243,0.0105389583386648
"ENSG00000086544",860.627516926059,-0.65604593169281,0.236636006189876,-2.77238422950057,0.00556473095922415,0.040734848019918
"ENSG00000087076",254.923605682138,0.631243861372467,0.18169775353851,3.47414235497787,0.000512489060859001,0.00615284831787115
"ENSG00000087086",185793.043108095,0.638684503354192,0.175174576554892,3.6459885670342,0.000266365818466788,0.00357172347489556
"ENSG00000087116",4464.4129800239,-0.700566449134406,0.0926506669849442,-7.56137513017849,3.98830182208073e-14,5.14740203912295e-12
"ENSG00000087191",1244.73519854424,-0.478787971822621,0.137850521215531,-3.47324019960743,0.000514214929068876,0.00616958325161075
"ENSG00000087266",400.161903597239,0.792534560851558,0.149827143505526,5.28965941890447,1.22544332083008e-07,4.36300078881745e-06
"ENSG00000087338",315.315489338148,-0.446765748264744,0.136154660345866,-3.28131073244097,0.00103325844242279,0.0109232697112785
"ENSG00000087448",907.658851358475,-1.05841792276054,0.128076039428617,-8.26398073739973,1.40893358747432e-16,2.59257729932775e-14
"ENSG00000087470",1159.17449767664,-0.270272513284101,0.0938959311741604,-2.8784262523878,0.00399664714570921,0.0317019578331223
"ENSG00000087903",230.166186957553,0.690051153122167,0.23704289685208,2.91108133711669,0.00360180242151403,0.0292567736030761
"ENSG00000088179",280.83786382151,0.451358761824781,0.138093391222705,3.2685037120775,0.00108117759245583,0.0113523647207862
"ENSG00000088325",256.524577830362,0.831459793179405,0.213057283440266,3.90251757533799,9.51973233703681e-05,0.00148661206893557
"ENSG00000088756",685.723239064796,1.48053770709846,0.453618353116024,3.26383995913801,0.00109913232863358,0.0114825038379174
"ENSG00000088766",397.798815862374,-0.573042944261821,0.133524632912763,-4.29166462967332,1.77338650226801e-05,0.000355360471466887
"ENSG00000088826",259.930820787405,0.770960992527515,0.218924044054812,3.52159122519447,0.000428965045815948,0.00531842253268139
"ENSG00000088854",1552.1893239398,-0.321565074376739,0.0944765954132219,-3.40364799313816,0.000664923821026619,0.00761874797397023
"ENSG00000088876",280.386730902772,-0.331220544792433,0.119650083313679,-2.76824332770495,0.0056359359611904,0.0410760273877348
"ENSG00000088888",1167.41499738831,-0.521730946372912,0.156821824510031,-3.32690266806289,0.000878170409850764,0.00954432577022014
"ENSG00000089006",2156.12349500562,-0.408523973472376,0.127792112608939,-3.19678550680599,0.00138968222186937,0.013833553344104
"ENSG00000089041",96.7567144445977,1.91905196003527,0.290363632141899,6.60913333353482,3.8657643180683e-11,3.16498809917618e-09
"ENSG00000089050",350.351803388827,0.455900772875816,0.126223415320464,3.6118557853814,0.000304013626482371,0.00398277279183281
"ENSG00000089123",135.146999403786,-0.704609311955642,0.154574378002099,-4.55838361481923,5.15488175500551e-06,0.000119306945724505
"ENSG00000090238",972.97641122131,-0.377976812902637,0.128434670716564,-2.94294999001301,0.00325100930731663,0.0270698960468098
"ENSG00000090376",583.8944864316,-0.973958709530497,0.247918716766519,-3.92854045968517,8.54629737146592e-05,0.00135638716181635
"ENSG00000090565",1991.94750350268,-0.497950325611195,0.141274637505781,-3.52469724504385,0.000423967045085776,0.00526699701398338
"ENSG00000090861",2922.17062720885,0.591950208582933,0.139301130669804,4.24942859929887,2.14316507406037e-05,0.000417512818673082
"ENSG00000091136",29112.7735624296,-0.765374454570923,0.12652513001817,-6.04918923585384,1.45576583105245e-09,8.35043455867587e-08
"ENSG00000091164",1244.08572861021,0.258102314753492,0.086109619793943,2.99736911359173,0.00272320768424654,0.0236499134634214
"ENSG00000091262",123.765113938943,1.03278487945115,0.250033408942225,4.13058752356488,3.61837300947027e-05,0.000647856092302553
"ENSG00000091317",1927.64097153167,-0.630313210775866,0.108876384060263,-5.78925555083633,7.06990650409288e-09,3.40686752123191e-07
"ENSG00000091428",36.1779284355662,1.12565674409988,0.309165881644948,3.64094750077438,0.000271636527451191,0.00363191716739597
"ENSG00000091527",4870.59143202752,-0.76680836835142,0.107874964529841,-7.10830702650473,1.17475002087794e-12,1.31522464686847e-10
"ENSG00000091622",31.5136611624827,0.822249039921971,0.302157941367799,2.72125576511357,0.00650344222925634,0.0461146409121439
"ENSG00000091831",34.6553678932809,1.24082788370663,0.417994421986358,2.96852737366702,0.00299230448634642,0.0252826696779194
"ENSG00000092068",1857.11023201193,-0.880746705071656,0.313223772988109,-2.81187694238359,0.00492533426649129,0.0371197637237391
"ENSG00000092445",442.348992954039,0.474861200190519,0.171602844169429,2.76721054647366,0.0056538227683504,0.0411740972373794
"ENSG00000092621",1231.10242762368,1.43228586080799,0.270558582023269,5.29381049419015,1.19793573910326e-07,4.27325061635972e-06
"ENSG00000092841",7869.56218010232,-0.680313446886634,0.150644890070225,-4.51600745680452,6.30164462041015e-06,0.000141444523273336
"ENSG00000092853",27.2783280601058,1.14501215144963,0.360806398164993,3.17348072892552,0.00150622900584567,0.0147410563842242
"ENSG00000092969",200.64540318736,1.58119933222447,0.290202619477249,5.44860461657007,5.07665272094775e-08,1.99470593697281e-06
"ENSG00000093000",1392.83518610489,-0.390644953207435,0.142592045386776,-2.73959849687143,0.00615142797612581,0.0440725863285653
"ENSG00000093144",1525.76559832675,-0.73079179109666,0.125772160722648,-5.81044157067632,6.23082767811987e-09,3.02349692944799e-07
"ENSG00000093167",1946.92347541204,-0.723625711257005,0.11885277457699,-6.08842085371979,1.14029799928508e-09,6.74918417729722e-08
"ENSG00000093183",1345.80203032711,-0.547841092286129,0.141666269251216,-3.86712444099623,0.000110126239523272,0.00167624583254711
"ENSG00000093217",68.7369248373066,0.946340443561967,0.255796421927861,3.69958436646488,0.000215952844445701,0.00298178574593117
"ENSG00000094916",2123.35487091011,0.561656887236159,0.10257482702757,5.47558210442021,4.36075709070794e-08,1.75042484947748e-06
"ENSG00000095319",982.647024054292,0.302241892209138,0.111301836068422,2.71551578020095,0.00661726227731518,0.0466486521983734
"ENSG00000095380",343.141710787905,-0.361985934399504,0.115712098651402,-3.12833263434306,0.0017580110056824,0.0166272949316068
"ENSG00000095397",117.982231658384,0.749407444741251,0.232396526595465,3.22469296645622,0.00126107836800308,0.0127931994919963
"ENSG00000095585",21.1129408791883,2.5671117812337,0.719061600891191,3.57008603720749,0.000356863997530285,0.00454891453641999
"ENSG00000095637",44.3053870127779,-1.90094556470382,0.36194598534331,-5.25201450404473,1.50444612209542e-07,5.20672833876041e-06
"ENSG00000095951",470.853153571176,0.519089361639169,0.175923201962715,2.95065890029209,0.00317096890213404,0.0264627108424612
"ENSG00000096060",2564.36222687268,-3.93840263337676,0.297068112258538,-13.257574511899,4.0787542816837e-40,5.8310498711609e-37
"ENSG00000096063",697.940388382818,-0.250062971784413,0.0854682643697132,-2.92579910951165,0.00343572719230935,0.0282410393052053
"ENSG00000096384",10612.0805356646,0.369290897513641,0.065324659410336,5.65316223378901,1.57522495289678e-08,7.03739320903526e-07
"ENSG00000096654",157.224386872504,0.631803786533163,0.158185087806271,3.9940793111101,6.49461229606282e-05,0.0010738644975296
"ENSG00000096968",711.84169740804,-0.813877709287689,0.194806203142752,-4.17788394906136,2.9423370681417e-05,0.000546287057057078
"ENSG00000097033",3240.58522271849,-0.419776912666107,0.154554524721241,-2.71604414961794,0.0066067107142682,0.0466156866456623
"ENSG00000097096",201.585034645729,-1.30622657092902,0.256127019462886,-5.09991711795286,3.39802243626718e-07,1.06856593871448e-05
"ENSG00000099139",387.307201211079,0.515151557208905,0.167734149348779,3.07123838055018,0.00213172885122668,0.0194875458436044
"ENSG00000099194",785.211998028092,2.00117539357763,0.40279829821244,4.96818234450979,6.75833975165925e-07,1.9650114042063e-05
"ENSG00000099204",848.585060946676,-1.41313117071596,0.238126664253454,-5.93436764062622,2.94980186086982e-09,1.53994571865915e-07
"ENSG00000099256",365.410558494173,0.417177075073319,0.133984976919447,3.1136108291016,0.00184813084424042,0.0173472281516203
"ENSG00000099326",313.685467309248,0.39620746571435,0.133720110658803,2.96296094702842,0.00304695223890585,0.0256814545850636
"ENSG00000099337",530.060485021926,-2.80776967715136,0.36473947701734,-7.69801421033971,1.38197006058225e-14,1.86115315767544e-12
"ENSG00000099341",1806.91304451832,-0.316636716390806,0.0955368019344726,-3.31429051401556,0.000918759952898836,0.00988717644737978
"ENSG00000099365",83.9185954994762,0.671676919001668,0.173664656658405,3.86766617874842,0.000109881945408477,0.00167389832411192
"ENSG00000099622",2834.65677486575,0.33814780604419,0.0933899506770151,3.62081576864366,0.000293675584787791,0.00387364140758062
"ENSG00000099785",432.227651789443,-0.48570283265213,0.174636600527785,-2.78122015192831,0.00541549986692499,0.0399717176785204
"ENSG00000099840",37.675495406214,-1.03625368529802,0.306087023854041,-3.38548714757721,0.000710520367140897,0.0080715287428567
"ENSG00000099849",42.7951586610186,-1.21998163019286,0.352909164501686,-3.45692816426431,0.000546370475645815,0.00646358707185072
"ENSG00000099860",368.158031967728,-1.45586486945199,0.178326760917285,-8.16402912251222,3.24030729023722e-16,5.68123688576025e-14
"ENSG00000099904",1098.47961593054,-0.304060004708624,0.108712592268135,-2.79691614710715,0.00515929214341667,0.0384310398739073
"ENSG00000099974",251.81425268221,-0.433554964907441,0.147540482212584,-2.93854919277513,0.0032975232324617,0.0273469296186081
"ENSG00000099977",262.519795831925,-0.405226517097479,0.143841195708241,-2.81717984268856,0.00484473892110121,0.0366759873110814
"ENSG00000099998",506.244766658562,-2.41882468992168,0.84583826464077,-2.8596775424306,0.00424071966463633,0.0331289512262573
"ENSG00000100014",875.940757194901,-0.490349563012555,0.132115812146775,-3.71151306603482,0.000206024030920659,0.00286598549001531
"ENSG00000100033",55.3631369152134,-4.9607987411074,0.623664288288958,-7.95427738009098,1.8018004050747e-15,2.8139882796902e-13
"ENSG00000100092",53.8159080006771,0.971079626527725,0.222954137455852,4.35551292121687,1.32755685047222e-05,0.000275980358680382
"ENSG00000100099",632.257345349386,0.358874322014837,0.0902710217554888,3.97552077107199,7.02254139827895e-05,0.00114687110621278
"ENSG00000100116",121.78222303844,-0.771629673030401,0.154754832853894,-4.98614265416127,6.15966718558321e-07,1.81422210212463e-05
"ENSG00000100154",1732.3312833567,0.768734853717647,0.12718463241808,6.04424323208066,1.50112906979316e-09,8.58414884987876e-08
"ENSG00000100206",36.2986806626819,-1.90499981984389,0.424384274962964,-4.48885581354337,7.16067419084255e-06,0.000158808030831514
"ENSG00000100221",1209.39201919151,-0.388479993046445,0.132882387632248,-2.92348745359364,0.00346134174261547,0.0284013405238448
"ENSG00000100234",43787.3196198733,0.666004850321427,0.198738694857441,3.35115841834005,0.000804742512661394,0.00890776628815486
"ENSG00000100242",2236.2383212374,-1.9110794530834,0.273434301845096,-6.98917231740024,2.76512634481586e-12,2.83921950930402e-10
"ENSG00000100266",1000.92381618717,-0.571071217500964,0.109004016081875,-5.23899245209481,1.61455641107524e-07,5.56507411202819e-06
"ENSG00000100292",2399.38459033003,1.3324461181682,0.263677304604373,5.05332121840152,4.34192743614496e-07,1.32503647620286e-05
"ENSG00000100302",35.8449132454698,1.98195656034368,0.450594733877179,4.39853467280849,1.0898421705895e-05,0.000231747331125924
"ENSG00000100320",5488.25671245899,0.354653968109904,0.0901595879110461,3.93362454650763,8.36744507849924e-05,0.00133141238684853
"ENSG00000100350",555.662881910667,0.464801662502703,0.160856322042493,2.88954550620596,0.0038579916332024,0.0307993017624856
"ENSG00000100354",931.343372656497,0.342537380350041,0.0799300909213948,4.2854621632659,1.82359684359118e-05,0.000362864532528288
"ENSG00000100360",583.444562044455,0.46266603261355,0.0973928939782081,4.75051118942079,2.0290306613238e-06,5.2535555764237e-05
"ENSG00000100380",6223.72233668603,0.27135973651,0.0809273149798864,3.35312912058733,0.00079903421065683,0.00886570197316847
"ENSG00000100485",931.547882293933,-0.504840641848996,0.155380489513515,-3.24906069886647,0.00115786768258145,0.0119682819136687
"ENSG00000100528",1605.18838748672,-0.442482607495894,0.131361513913469,-3.36843413503417,0.000755964570518819,0.00847893877072556
"ENSG00000100577",194.961899301117,0.369527382127547,0.12355615087947,2.9907647615862,0.00278279774616938,0.0240550214477014
"ENSG00000100578",296.755500879177,0.363594701604649,0.116455383267554,3.12218028400882,0.00179516970691336,0.0169442503824199
"ENSG00000100592",756.545849312644,1.00275533861158,0.184386699687049,5.43832792882298,5.37829169470356e-08,2.09990653668205e-06
"ENSG00000100600",1177.37702665358,-0.496985571810558,0.127493277453745,-3.89813158572903,9.6937740270453e-05,0.00150919748011081
"ENSG00000100605",593.951440667363,-0.459752327144124,0.130979243169384,-3.51011592386105,0.000447911373034736,0.00552384397335804
"ENSG00000100626",440.101753014702,0.991723342262413,0.157260806631994,6.30623334257177,2.85907895859807e-10,1.91136627501961e-08
"ENSG00000100644",6205.29900466384,-0.569769064775866,0.208121738015075,-2.73767204814807,0.00618757453022651,0.0442456194484213
"ENSG00000100647",838.937548915556,-0.663730518317821,0.155718063443027,-4.2623861589485,2.02255541293791e-05,0.000396092648571666
"ENSG00000100714",745.358093906986,-0.300657910749676,0.103148187657556,-2.91481525344717,0.00355899155218694,0.0290104640339448
"ENSG00000100739",134.535733471037,1.75216653895745,0.348103544655582,5.03346365142896,4.8169618526623e-07,1.45803316012588e-05
"ENSG00000100767",208.81360047707,-1.09087834831375,0.309109979656296,-3.52909456215782,0.000416984102560076,0.00519761874317841
"ENSG00000100784",87.3238286571985,2.45369221838136,0.291703786884279,8.411588497323,4.0449481574376e-17,7.91319594799767e-15
"ENSG00000100802",122.061117001856,0.417149655453375,0.15112760549525,2.76024789836616,0.00577575160943597,0.0418488669245097
"ENSG00000100813",4223.16881185316,0.297573757561162,0.100386086838915,2.96429283112375,0.00303379441065696,0.0255821547740742
"ENSG00000100842",222.955639601661,0.643704491460963,0.236191089617541,2.72535467998941,0.00642324451413078,0.0456504777419199
"ENSG00000100906",562.219961153394,-0.827794865158956,0.198208076185111,-4.17639321813436,2.96167674568405e-05,0.000548781279347338
"ENSG00000100968",3760.04125539062,0.49762631641124,0.180577441498779,2.75575017721471,0.00585577036137593,0.0423296352260489
"ENSG00000100994",3044.43527810071,-0.585116125516372,0.0957243682803853,-6.11250965691948,9.80763707462445e-10,5.91801737116544e-08
"ENSG00000101004",442.937415823218,0.58005308514154,0.115960607258277,5.0021563258081,5.66925885786723e-07,1.6994060624752e-05
"ENSG00000101134",330.731962470622,0.952241045530773,0.331619834822311,2.8714839872018,0.00408549480080729,0.0321468139797473
"ENSG00000101150",3807.09163827478,-0.300863901875384,0.0820585950598482,-3.66645202316654,0.0002459390350295,0.00334121123247314
"ENSG00000101224",2550.8899566247,0.57403331354018,0.205035611142564,2.79967616523477,0.00511538958251738,0.0382265843952897
"ENSG00000101255",284.172619498846,1.10258739330343,0.272787906740449,4.04192182299532,5.3014908789518e-05,0.000898523832672107
"ENSG00000101265",1645.91737938986,1.08162730958103,0.39606051811956,2.73096473921826,0.00631492276553569,0.0450010888027151
"ENSG00000101290",2089.81269524716,-0.754329026438107,0.140230915078265,-5.37919207057235,7.48208512451861e-08,2.792260081108e-06
"ENSG00000101342",42.9011868528458,-4.18684451068885,0.507386713539049,-8.25178192287573,1.56049993523824e-16,2.8157176015925e-14
"ENSG00000101347",12703.3870621821,-3.85772301621108,0.27949347849949,-13.8025510896424,2.45990817804992e-43,4.57173934890578e-40
"ENSG00000101367",1786.30732662398,-0.267343218604235,0.0958793869021573,-2.78832841178941,0.00529808051683879,0.0392759578801153
"ENSG00000101384",1104.95021234459,0.532523472475215,0.126910895958424,4.19604217946481,2.71619684218096e-05,0.000509389690332323
"ENSG00000101439",3936.90159429254,-0.365258952699057,0.116389903907623,-3.13823570976531,0.00169968136020924,0.0162409141796857
"ENSG00000101460",471.368353621014,-0.589713827195568,0.138239346854882,-4.26588985417175,1.9910699916832e-05,0.000391163169084907
"ENSG00000101557",1304.63487376999,-0.234361950850215,0.0855766383454989,-2.73862067243194,0.00616975136624415,0.0441528029039844
"ENSG00000101558",2561.50909351299,-0.503370839444386,0.116409548914654,-4.32413701571368,1.53130106919825e-05,0.000311711176024639
"ENSG00000101608",3572.07546993064,-0.849892244704758,0.154962812110248,-5.4844916217712,4.14660135911978e-08,1.67168299911586e-06
"ENSG00000101782",1428.27787020925,-0.545111395354572,0.14414980121039,-3.78156189448343,0.000155847461464182,0.00226283208696237
"ENSG00000101825",4767.14944686345,1.35155768531083,0.265401518241939,5.09250170934874,3.53369527588059e-07,1.1037601126427e-05
"ENSG00000101843",614.904155021498,0.399120401689629,0.120394876143001,3.31509458272599,0.000916121216152261,0.00986449177415398
"ENSG00000101938",196.014029522831,-1.09843119481165,0.390468895151902,-2.81310805662084,0.00490651601964424,0.037038017963074
"ENSG00000101955",4345.76801538559,-0.926301727710467,0.194595373761675,-4.7601425964264,1.93456228520474e-06,5.04969663911939e-05
"ENSG00000101974",1376.22533998386,-0.366980068089888,0.103883144523732,-3.53262379351687,0.00041145753619346,0.00513907144499694
"ENSG00000102007",653.137646065491,-0.459226537051348,0.145732231596885,-3.15116657460945,0.00162619716912702,0.0156514108690966
"ENSG00000102098",49.2493827355269,0.625036616785537,0.227683088034921,2.74520440749501,0.00604732181985466,0.0433936200857139
"ENSG00000102218",420.944346016092,-0.519604532167217,0.138892903580105,-3.741044493807,0.00018325707119749,0.00258998681992802
"ENSG00000102221",228.382574316968,0.915098226813689,0.173300690252876,5.2804072821545,1.2889703912596e-07,4.56295518505898e-06
"ENSG00000102226",1449.02441241371,0.200875005100921,0.0644631894199029,3.11611955456397,0.00183247963053493,0.0172613451259461
"ENSG00000102316",3090.77544158572,0.380213049393977,0.131220161148271,2.89752006145123,0.00376125681958739,0.0301435784191961
"ENSG00000102385",110.999484660041,1.06156530499101,0.249840593016585,4.24897048223283,2.14755211681565e-05,0.00041792938315203
"ENSG00000102401",2671.32785089508,0.302391507131538,0.105453799777898,2.86752594755639,0.00413694879712791,0.032468409372729
"ENSG00000102466",664.683572935525,-1.20746282052293,0.326944766313856,-3.69317066652112,0.000221475277739211,0.00304897632354313
"ENSG00000102524",64.0420778243889,1.71380523462329,0.282545908411103,6.06558149881156,1.31477078357549e-09,7.64658176410419e-08
"ENSG00000102547",559.00173474343,-0.556706358791922,0.147463100357289,-3.77522483552207,0.000159863406536622,0.00230672469758006
"ENSG00000102554",149.552913663167,-2.5869583630444,0.407754357211062,-6.34440397090676,2.23288211913285e-10,1.52566596265015e-08
"ENSG00000102580",2147.30454400927,-0.40204225370136,0.111941950964735,-3.59152444848863,0.000328749329137389,0.00423409998753872
"ENSG00000102760",1136.3985343965,-3.16728940372107,0.685152929722796,-4.62274809946812,3.78689474366248e-06,9.14018685856716e-05
"ENSG00000102780",466.198867502867,-0.793790863621923,0.191166623038842,-4.15235071375738,3.29077423013553e-05,0.00060099953229522
"ENSG00000102781",615.917215004906,-0.334132371564895,0.108401954942311,-3.08234636305879,0.00205375716224231,0.0189236870898728
"ENSG00000102804",5397.33684521952,-1.19399433406481,0.161577465007608,-7.38960927508419,1.47260901043288e-13,1.84921881479021e-11
"ENSG00000102882",2415.57688559492,0.265621567261327,0.0906777464791353,2.92929166829754,0.00339735467854014,0.0280123499115654
"ENSG00000102900",610.359550222834,-0.378173374884252,0.107323097712264,-3.52369045383079,0.000425581119252801,0.00528351710174569
"ENSG00000102935",36.1481178397062,1.13313715307633,0.313599172230993,3.61332954106677,0.000302290110858135,0.00397036163271974
"ENSG00000102974",698.774444417862,0.270009770124397,0.0973554064556022,2.7734440228292,0.00554663820064061,0.0406483718292215
"ENSG00000102984",90.3336253586407,1.39523257876672,0.214822032407464,6.49482999080987,8.31272299140014e-11,6.2044962568342e-09
"ENSG00000102996",165.315942416665,-1.26671435659078,0.287558403365253,-4.40506812448047,1.05750638891267e-05,0.000225645881032629
"ENSG00000103005",643.60464314004,-0.352680507705832,0.107634847343271,-3.27663871330683,0.00105050696547674,0.0110615705118329
"ENSG00000103035",714.461637887526,-0.301833843087169,0.0991938546635379,-3.04286837235007,0.00234334809464403,0.0210087430482196
"ENSG00000103064",780.765707845921,-1.42507695674725,0.173569382418026,-8.21041670422659,2.20422174757375e-16,3.90147249320554e-14
"ENSG00000103111",925.004830834631,-0.413207530579407,0.102822420243318,-4.018652056639,5.85320307189587e-05,0.000980016027848511
"ENSG00000103150",151.998922677364,-0.767804285275974,0.2054704828006,-3.73681063484479,0.000186369171437158,0.00262399322057544
"ENSG00000103175",250.45717439452,-1.70905424181847,0.36336647897689,-4.70338994017983,2.55877055742786e-06,6.48768769574308e-05
"ENSG00000103196",3082.06913512982,-2.70054569594481,0.261065543385803,-10.3443206672201,4.4405437315163e-25,2.23047311487109e-22
"ENSG00000103222",5088.57704724801,0.40061157149145,0.125709604740601,3.18680161566097,0.0014385540893563,0.0142285938002591
"ENSG00000103257",403.748984350973,1.16596878613006,0.287745374991335,4.05208523739146,5.07631631076448e-05,0.000864741875669642
"ENSG00000103342",2363.05178578092,-0.232579158002315,0.0819698862191731,-2.83737319557135,0.00454864107201333,0.0349613293314176
"ENSG00000103365",1205.06680747958,0.414339852457439,0.148025645017249,2.79910857614678,0.00512439033008418,0.0382784542944592
"ENSG00000103381",663.160500434339,-0.932134572940987,0.156553620235681,-5.95409145785143,2.6152053428064e-09,1.3886740370302e-07
"ENSG00000103404",244.968716557888,-0.528658485878519,0.131782883843454,-4.01158686515403,6.03119772990062e-05,0.00100438897679393
"ENSG00000103479",2340.68364120579,-0.336975276927731,0.119268002069589,-2.82536196700198,0.00472272313955293,0.0360311205043478
"ENSG00000103485",865.205449337359,1.21092810705948,0.137659525982784,8.79654421598785,1.41093986658303e-18,3.19784358785922e-16
"ENSG00000103502",3319.86908904901,-0.822550751632908,0.0835990481020514,-9.83923585623607,7.62880516359643e-23,2.95377799927999e-20
"ENSG00000103540",364.299185486412,0.27486286979288,0.100619429170511,2.73170770355987,0.00630070122051212,0.0449342026796691
"ENSG00000103647",544.426327334242,1.26343232103338,0.2613028642345,4.83512618483793,1.33061201695017e-06,3.58867951213997e-05
"ENSG00000103710",1054.92878892262,1.0336386841084,0.263769446669321,3.91872029592662,8.90203450870547e-05,0.00140325963820434
"ENSG00000103742",370.82982255279,2.13199669327633,0.652872398205243,3.26556414260616,0.00109246260137173,0.0114385450402781
"ENSG00000103876",374.629630284978,0.399414104567194,0.143240927748122,2.78840769077908,0.0052967839970352,0.0392759578801153
"ENSG00000103978",749.228847297362,-0.402771311506165,0.140684958718066,-2.86293087175952,0.00419742129013171,0.0328182897253251
"ENSG00000104047",1273.76410513537,0.420584033870147,0.100912094643381,4.16782582262784,3.07518767678258e-05,0.000565305271740892
"ENSG00000104093",608.758061006174,0.463768428358884,0.121093903297292,3.82982475360719,0.000128234549089747,0.00191271195411954
"ENSG00000104142",887.817549260314,-0.43680662595879,0.135404925293264,-3.2259286359986,0.001255646611271,0.0127500695116974
"ENSG00000104205",87.6010030941665,-0.614207323094139,0.19564826297238,-3.13934462674401,0.00169326182085224,0.0161878965743512
"ENSG00000104313",89.7778633996765,0.954994027263155,0.230157231442963,4.14931141322761,3.33476890056875e-05,0.000604206820551627
"ENSG00000104331",2599.80540599986,-0.317724396989505,0.0968705680854892,-3.27988576168057,0.00103849127962709,0.0109598866734068
"ENSG00000104343",368.115484197733,-0.445121577643557,0.153149503000287,-2.90645133626535,0.00365553754421247,0.0295511810609781
"ENSG00000104365",1010.48964663683,-0.253810079830936,0.0882721886227617,-2.87531196168268,0.00403628483282917,0.0319104146885775
"ENSG00000104388",2806.8124303193,-0.414887079140171,0.105156970207237,-3.9454073117791,7.96644440014074e-05,0.00127196193450701
"ENSG00000104415",364.29857517492,0.846456876344877,0.308189209181617,2.74654936359585,0.00602258220355072,0.0432824409600279
"ENSG00000104671",236.134530587553,-0.346083900577022,0.123448797077301,-2.80346110104508,0.00505573305701411,0.0379333059606812
"ENSG00000104687",1144.03358826208,-0.791595204290389,0.16342817166486,-4.84368879750858,1.2745050145581e-06,3.4680345088671e-05
"ENSG00000104695",1932.63016458974,-0.565890625199225,0.149968029976631,-3.77340840769465,0.000161032355013983,0.00231909521309212
"ENSG00000104738",515.527879459613,0.476926738038768,0.153101353238688,3.115104654204,0.00183879657327646,0.0173033085135914
"ENSG00000104756",1778.58667592707,-0.826704844217952,0.105528808870121,-7.83392566512725,4.72868416383622e-15,6.86582774882002e-13
"ENSG00000104825",419.368083450818,-0.33830430393505,0.106555366224164,-3.17491568865099,0.00149880042859263,0.0146760832272888
"ENSG00000104885",299.145842251327,-0.356626105777141,0.126579990984433,-2.81739714945152,0.00484146181274316,0.0366759873110814
"ENSG00000104886",481.575926421554,-0.406124743270252,0.131023089135293,-3.09964255880803,0.00193754311214563,0.017950767068408
"ENSG00000104894",23.7761043008086,1.18136786984905,0.370940245232624,3.18479292832783,0.00144857621061795,0.0142821161137053
"ENSG00000104936",1257.90018171326,-0.822480887369599,0.179397334051273,-4.58468846105888,4.54663834751435e-06,0.000106422259053595
"ENSG00000104951",7.10214120013008,2.26182597208205,0.696905880434064,3.24552573824357,0.00117233966354173,0.0120641930492376
"ENSG00000104964",3353.14579241503,-0.374009211922074,0.0819867584571895,-4.56182460387635,5.07110017506382e-06,0.000117660919792211
"ENSG00000105137",1403.76360601782,-0.529387735083373,0.105577233609769,-5.01422245102649,5.32483540631869e-07,1.60392327433441e-05
"ENSG00000105186",542.606012790415,-0.384353588565162,0.110764351282461,-3.47001164287072,0.0005204358046443,0.00622700322254355
"ENSG00000105204",419.724039090317,0.361391353101302,0.12462731546762,2.89977643942107,0.00373428896688056,0.0299662178106543
"ENSG00000105281",5235.67342065344,-0.406894491409147,0.0983082973392472,-4.13896387611125,3.48877872421053e-05,0.000626282463890934
"ENSG00000105327",292.689164828716,0.752426069698918,0.224435744324672,3.35252333340651,0.000800784910620791,0.00887453044954526
"ENSG00000105402",1676.51745341426,-0.344906643497237,0.0864852624905376,-3.98803950597911,6.66215712488101e-05,0.00109692156003006
"ENSG00000105419",884.863209039937,-0.683418722055172,0.159444169588875,-4.28625721352721,1.81708587655851e-05,0.000362734060320515
"ENSG00000105486",143.606718762239,1.00916516210372,0.215852504377844,4.6752534329516,2.9359082793092e-06,7.33385152835504e-05
"ENSG00000105516",84.5749847267979,1.65520538971996,0.203377352640561,8.13859246484185,3.99899580098044e-16,6.72993193508044e-14
"ENSG00000105552",508.165620817541,-0.750414588182342,0.162453375534586,-4.61926128474063,3.85108657518378e-06,9.27388517676524e-05
"ENSG00000105559",1206.91440951994,0.57266223566266,0.21209776644809,2.69999182571692,0.00693411797530363,0.0483204284105804
"ENSG00000105607",184.034306274916,-0.45340486032318,0.154530167459113,-2.93408638441517,0.0033453108910996,0.0276691601740481
"ENSG00000105643",321.485108372957,-0.791408795403678,0.141709600815594,-5.58472249479789,2.34073672505695e-08,1.00005958701571e-06
"ENSG00000105664",5.6146508213934,-2.08198743985099,0.742939836479333,-2.80236344535943,0.00507296874945544,0.038026076298761
"ENSG00000105711",101.371500518373,1.28635427392685,0.244849241325044,5.25365840206621,1.49107319689814e-07,5.17007376200595e-06
"ENSG00000105726",887.12963192906,-0.326535982044562,0.107687400916836,-3.03225799178434,0.00242731647422518,0.0216155614151772
"ENSG00000105750",41.1543258017422,0.901857365872217,0.264607519953841,3.4082832038543,0.000653730086024307,0.00751830052522385
"ENSG00000105771",583.563861856007,0.342053154034902,0.0920858184106295,3.7145041434026,0.000203602534052339,0.00283867449014457
"ENSG00000105778",762.975704376838,-0.292738991913021,0.108960317705038,-2.68665692316981,0.00721710385995279,0.0498068604668483
"ENSG00000105792",247.207469283246,-0.865097737779295,0.295666351599055,-2.92592556812968,0.00343433094441403,0.0282410393052053
"ENSG00000105810",1427.53208803059,0.714339862651424,0.224493138434316,3.18201200995919,0.00146255753478373,0.0143818157587066
"ENSG00000105835",2640.34127405734,-1.05562424638827,0.15519550175205,-6.80189976172634,1.03248432166916e-11,9.52186205244577e-10
"ENSG00000105855",1835.43358863231,0.468094064862023,0.119498985540033,3.91713839867878,8.96063103050035e-05,0.0014101043835889
"ENSG00000105889",230.620130556521,-1.03898578237364,0.312788252230355,-3.32169055252264,0.000894738642295392,0.00970019056307851
"ENSG00000105971",1473.28550438756,-0.616635350158858,0.177656150275285,-3.47094851038569,0.000518623435426237,0.00621044880631225
"ENSG00000105974",12275.6103523487,-0.676044624989297,0.188178273076229,-3.59257534856556,0.000327425934341244,0.00422290838982097
"ENSG00000105989",333.214688163837,3.11657412142284,0.903537603413806,3.44930206517979,0.000562037605127775,0.00661524312305237
"ENSG00000105993",2096.00711286117,-0.337913722059533,0.102123239631751,-3.30888173228762,0.000936693957842399,0.0100568788021381
"ENSG00000105996",57.131016251502,0.763914728775438,0.238880037114054,3.1979010804101,0.00138431757232282,0.0137912060984154
"ENSG00000105997",126.671881858741,0.729906809757337,0.249241179939718,2.92851610610203,0.00340584186904152,0.0280450027187136
"ENSG00000106003",16.4283478600928,2.6323426945703,0.604235744978144,4.35648290662697,1.32169009555946e-05,0.000275068425822761
"ENSG00000106034",2427.54990954247,-1.09508340545331,0.336872406228037,-3.25073643672679,0.00115106512758398,0.0119112168130001
"ENSG00000106077",88.3452724664464,0.575212381714865,0.197374987476705,2.91431244185768,0.00356472939338466,0.0290190520263048
"ENSG00000106086",469.813850145084,-0.668402008505215,0.144441592600846,-4.6274898834181,3.70124305910812e-06,9.00361286040897e-05
"ENSG00000106105",2894.71467135258,0.321163185353071,0.110177204507988,2.91496945114254,0.00355723360728512,0.0290088576530908
"ENSG00000106123",2287.85834096414,-1.32840471813189,0.339472395699808,-3.9131450302268,9.11017813284365e-05,0.00143242521657275
"ENSG00000106211",8366.63601535081,-0.477776249377437,0.11604791914601,-4.11706002911007,3.83736148827367e-05,0.000683771459823262
"ENSG00000106261",2975.63146533194,0.345542856326126,0.114467664081616,3.01869404865074,0.00253866764253674,0.0224031994950358
"ENSG00000106333",5778.43827981162,0.6141454330378,0.123693498524475,4.96505831239206,6.86804307832896e-07,1.98685204742958e-05
"ENSG00000106348",847.963169064764,-0.437361548860627,0.15372735798118,-2.84504693637011,0.00444048793323475,0.0343430995585384
"ENSG00000106397",1764.42201776526,-0.32743426000748,0.12103694008803,-2.70524238112215,0.00682545670557513,0.0476525593062035
"ENSG00000106415",216.918284936409,-0.581102726464285,0.202952973021393,-2.86323830497931,0.004193350488717,0.0328002604515175
"ENSG00000106443",616.987214595776,0.380758713715368,0.128105475700823,2.97222824888914,0.00295646803540169,0.0251070415566525
"ENSG00000106462",103.242429184274,0.941359990224578,0.246750541937863,3.81502704241936,0.000136168020943179,0.00201808825297367
"ENSG00000106484",677.213238740759,1.77270432369575,0.611214730841071,2.9002971202222,0.00372809088879916,0.0299294035284373
"ENSG00000106524",340.8573345383,0.647669374621683,0.117503993259005,5.51189246134024,3.54995808546933e-08,1.45321522067065e-06
"ENSG00000106571",811.065131971017,0.509202448748495,0.109656367574226,4.64361951807145,3.42357792315404e-06,8.3719994344497e-05
"ENSG00000106615",2192.91734771394,-0.956341351583844,0.145690953918947,-6.56417797988947,5.23206796995241e-11,4.0856295471246e-09
"ENSG00000106617",1018.35298653981,-1.57419755215152,0.259255527125282,-6.0719922526119,1.26333029234699e-09,7.40662254992709e-08
"ENSG00000106772",5663.01511650358,-0.818907928101564,0.226537026606478,-3.61489660374198,0.000300467515566128,0.00395200904231882
"ENSG00000106780",1353.02487166425,-0.305455761832894,0.112645486746823,-2.71165557231264,0.00669481168915018,0.0470764567699039
"ENSG00000106948",522.184037803054,0.772133044575367,0.246117915234422,3.13724843573425,0.00170541553580342,0.0162706097191512
"ENSG00000106976",884.745882993046,1.75522147738355,0.203196600977563,8.63804546404471,5.71828631913476e-18,1.2215442671393e-15
"ENSG00000106991",2739.5235211551,0.421235396319835,0.143287292962256,2.93979589963219,0.00328428508854168,0.0272736543210666
"ENSG00000106993",403.690610358141,-0.580683655015475,0.169502722305411,-3.42580725027646,0.000612975209375185,0.00711120116494245
"ENSG00000107104",1276.71448146957,-1.23016202861712,0.265880251732774,-4.62675215853754,3.71444562085247e-06,9.02391789065922e-05
"ENSG00000107130",1076.00911398245,0.487527238258474,0.150683573891933,3.23543718579517,0.00121456605956036,0.0124230656119589
"ENSG00000107249",695.771958899611,-0.371660502972176,0.129557540351174,-2.86869063710816,0.00412174726350771,0.0323627684378077
"ENSG00000107338",118.379905137904,0.995539756228987,0.177023276724671,5.6237788309465,1.8682481701763e-08,8.20836696045543e-07
"ENSG00000107362",200.424340231083,-0.466492004225252,0.157064240179975,-2.97007137774144,0.0029773056232902,0.0251972791479273
"ENSG00000107372",5461.99371575763,-0.795918220339623,0.283701684180503,-2.80547583860385,0.00502423479621928,0.0377321878692758
"ENSG00000107438",2869.89772446901,-0.743216225249292,0.214276602982229,-3.46848986266098,0.000523392273016719,0.00624742799872558
"ENSG00000107562",25136.3075719089,1.94924839948339,0.279025088062671,6.9859252191888,2.82984785579024e-12,2.88971002197042e-10
"ENSG00000107611",41.0823697386133,1.54274790156664,0.341533846941685,4.51711569843341,6.26876573742842e-06,0.000141047229092139
"ENSG00000107731",562.142033392034,1.02606065254197,0.245852731498146,4.17347672441748,2.99986320715534e-05,0.000553099778819266
"ENSG00000107796",2427.809962315,-1.18023425588584,0.287264081130415,-4.10853404032098,3.98178522507598e-05,0.000706120977175926
"ENSG00000107821",484.077789657041,1.08430766325623,0.31235979430477,3.47134196854498,0.000517864046478726,0.00620535351631665
"ENSG00000107882",736.642276282968,0.49138653953884,0.099590549350638,4.93406796872631,8.05343936356313e-07,2.28508657361558e-05
"ENSG00000107929",1240.24975398042,-0.599688651017795,0.149022817639618,-4.0241397962829,5.71839433646569e-05,0.000959172912844899
"ENSG00000107937",774.499204520611,-0.500899081131388,0.152233254911238,-3.2903394296039,0.00100066594740861,0.0106392314831745
"ENSG00000107968",536.659556658061,-1.13226673429649,0.176578774702749,-6.41224709030027,1.43390180457457e-10,1.00562509577428e-08
"ENSG00000108061",1266.62761421724,-0.27519171096826,0.0941818287211501,-2.92191938407819,0.00347881571211844,0.0284567737718843
"ENSG00000108256",2441.32137688442,-0.3898306579317,0.0713762755680561,-5.46162789847452,4.71788161635666e-08,1.87354337264933e-06
"ENSG00000108262",1191.10961962947,-0.585304749500464,0.162240704891312,-3.60763194349143,0.000309004408428678,0.00403289812545434
"ENSG00000108387",19.0735217743043,-1.93284942500248,0.47684928598474,-4.05337594458374,5.04837761031182e-05,0.000860771540253625
"ENSG00000108468",1454.48047071438,0.466076616299867,0.0897388966109422,5.19369675694271,2.06158841609639e-07,6.86641948264361e-06
"ENSG00000108588",1295.80217055293,-0.268166822316848,0.080702100210944,-3.3229224718551,0.000890796683851978,0.00967589501425425
"ENSG00000108602",7.42552197672761,2.47521164397311,0.834349347869435,2.96663699719275,0.00301076195469345,0.0254225401762734
"ENSG00000108604",2178.07169386197,-1.27764833867453,0.185419633820009,-6.89057740193131,5.55663823872554e-12,5.32320214776877e-10
"ENSG00000108684",7.4457878610527,2.35164449384252,0.756209027515028,3.10978103709002,0.00187226079741886,0.0175085069491706
"ENSG00000108700",15.0228073646638,3.68991251279391,1.00078658157358,3.68701237679675,0.000226902325202673,0.00311216215047356
"ENSG00000108797",1571.49402615978,0.613129005964278,0.160698900538836,3.81539017322711,0.000135967920639042,0.00201673088992546
"ENSG00000108821",100990.694351515,1.29949886151116,0.115281510336546,11.272396221367,1.7961408765892e-29,1.58958467578144e-26
"ENSG00000108828",12535.8419444865,0.606063056337087,0.164462600008216,3.68511172939506,0.000228602334393059,0.0031308580579919
"ENSG00000108829",1662.04560941713,-0.499593475484043,0.167621457659047,-2.98048640347853,0.00287791013499488,0.0246299114077556
"ENSG00000108830",158.263285028196,2.36510458476172,0.296958702837566,7.96442253472334,1.65997131190652e-15,2.61445481625276e-13
"ENSG00000108840",2773.77478353325,-0.568076513200798,0.15446942145334,-3.67759850367793,0.000235440165549837,0.00321502974044358
"ENSG00000108846",411.610218243128,-0.803158084696004,0.28703575285656,-2.79811165230474,0.00514023406303139,0.0383659638800958
"ENSG00000108861",2104.71941851272,-0.503240248410288,0.146325334256434,-3.43918741732286,0.000583463151557191,0.00682420558319093
"ENSG00000108946",7472.07245273415,-0.267766835087463,0.0931291317234702,-2.87522099832894,0.00403744793032762,0.0319104146885775
"ENSG00000108950",1011.56504804899,-1.08597538603662,0.198378410738759,-5.4742619521573,4.39338777129409e-08,1.75972223554958e-06
"ENSG00000108960",1723.1175228423,-1.64293212023608,0.230507767746549,-7.12744796540886,1.02246906541836e-12,1.15167197459396e-10
"ENSG00000109184",1178.88050139009,-0.34933209371321,0.113009500102782,-3.09117457731866,0.00199366380671164,0.0184339511680277
"ENSG00000109189",647.359833692113,-0.731626890671023,0.123706955016214,-5.91419367306495,3.33505283701616e-09,1.72651690740795e-07
"ENSG00000109339",774.987892894209,0.74647957884981,0.173219556870689,4.30944168392641,1.63667207546015e-05,0.000330625549156814
"ENSG00000109572",1732.05721017823,0.388894256879556,0.107725799350627,3.61003825660908,0.000306151847429561,0.00400128838570914
"ENSG00000109586",374.985115366083,-0.35084507511286,0.129343562784551,-2.71250511088262,0.0066776751617242,0.0469915156685514
"ENSG00000109625",41.4976447528978,1.77439005410331,0.314954740967253,5.63379375923667,1.76287828803223e-08,7.78220735940119e-07
"ENSG00000109654",1280.00084110826,0.866433320681127,0.160173730751568,5.40933470560774,6.32593061049282e-08,2.41908272419772e-06
"ENSG00000109674",47.9140323100117,1.36451105542255,0.353403898995843,3.86105263495862,0.000112899576576074,0.00171284786176844
"ENSG00000109680",595.68896735416,0.7352989345017,0.247444205603133,2.97157467360953,0.00296276814708033,0.0251314678290679
"ENSG00000109685",829.670176027808,0.347314342370567,0.0873933641891662,3.97415004666478,7.06310277784222e-05,0.00115151247148501
"ENSG00000109686",5937.34744308032,-0.734459008290572,0.126398879263752,-5.81064494059323,6.22326262498887e-09,3.02349692944799e-07
"ENSG00000109689",1142.67182682266,1.02094095730316,0.179395667873849,5.69100117858523,1.26296636136138e-08,5.73893149777537e-07
"ENSG00000109736",1043.76099095769,-0.499720615492299,0.122429817909673,-4.08169042496645,4.47093240881592e-05,0.000777289792496202
"ENSG00000109775",324.128892788154,0.504616303880507,0.108335737048094,4.65789330123345,3.19461702374488e-06,7.87426490534465e-05
"ENSG00000109814",1778.54235676844,-0.404957692230544,0.136897576023172,-2.95810710455529,0.00309534553741081,0.0259889946796429
"ENSG00000109861",4058.013382052,-1.00951030194377,0.236414409894854,-4.27008786136494,1.95395977760886e-05,0.000386322792200646
"ENSG00000109881",67.0435340737273,1.31304954115231,0.220200824813728,5.96296377301514,2.47703355466955e-09,1.3329185785316e-07
"ENSG00000109906",385.071028862516,-7.17608054169653,0.496600506794973,-14.4504092192948,2.49200862778183e-47,5.78924754341565e-44
"ENSG00000110057",335.309042313102,-0.697218954172492,0.151074370810507,-4.61507104369817,3.92960871619705e-06,9.39993870313848e-05
"ENSG00000110090",2273.74819049602,-0.729911175051957,0.160749624792074,-4.54067109640896,5.60754513186301e-06,0.000128503361622286
"ENSG00000110108",2133.64961960124,-0.345070741992488,0.122263773536607,-2.8223465709503,0.00476736273628815,0.0362674729651721
"ENSG00000110203",19.0698891655791,1.44570532261791,0.47075254451207,3.07105153115289,0.00213306333685435,0.0194901143350178
"ENSG00000110237",2622.18519825523,-0.396781716378933,0.086674213664241,-4.57785193086363,4.69775017580237e-06,0.000109683023891064
"ENSG00000110400",150.694189269404,0.897414190823301,0.198466144066008,4.5217495157503,6.13306092330031e-06,0.000138161136072165
"ENSG00000110422",2510.67041254672,-0.572338770108927,0.159309535897291,-3.59262091176966,0.000327368669678463,0.00422290838982097
"ENSG00000110442",418.559284832551,0.376605768787948,0.112705358048409,3.34150723008385,0.000833248463378986,0.00916869312723414
"ENSG00000110492",1553.82462503139,0.483701195167655,0.158702145769207,3.0478554201219,0.00230480788637389,0.0207332306719549
"ENSG00000110583",402.374961370715,0.51621282379849,0.152590878150098,3.38298612640993,0.000717022543585657,0.00813544809068341
"ENSG00000110628",247.265209171596,-0.707498655205863,0.152467584750276,-4.64032178619909,3.47867064784744e-06,8.48439553677752e-05
"ENSG00000110756",995.251537070175,-1.59106607704952,0.170864388010904,-9.31186478102148,1.2560736429424e-20,3.91702633691806e-18
"ENSG00000110768",1350.05273263877,-0.375365478205379,0.106023503555716,-3.54039873817339,0.000399522917840109,0.00501021148991797
"ENSG00000110900",262.805275325959,1.45473122601066,0.308519215629185,4.71520460417326,2.41467978802929e-06,6.13910039131661e-05
"ENSG00000110906",2888.33126140356,-0.518665026192323,0.148484882003361,-3.49304938788708,0.000477538180937922,0.00581588931371644
"ENSG00000110911",1026.96488696996,-0.329805429700827,0.0982445438751643,-3.35698469036508,0.000787974756323406,0.00876916817141946
"ENSG00000110931",1159.95282055055,-0.280378347293619,0.0972876459221692,-2.88195222153822,0.00395219656527808,0.0313895611819202
"ENSG00000111110",18.0062628577334,1.30357738323872,0.453986675785135,2.87140009337121,0.00408657935718184,0.0321468139797473
"ENSG00000111203",274.616955571462,0.447693879957408,0.137892221893698,3.24669422110364,0.00116753755224156,0.0120414458426245
"ENSG00000111206",144.929526611415,0.656802398593495,0.175362244224643,3.7454037013356,0.000180103923611,0.00254930039627603
"ENSG00000111224",246.918850474995,0.445522572321599,0.145123217714927,3.069960681252,0.00214086953137716,0.0195326756213277
"ENSG00000111231",240.48514342176,-0.745955677741453,0.133445493699786,-5.58996528889644,2.2711500778799e-08,9.77067689754582e-07
"ENSG00000111371",2467.45839246792,-0.820940477354381,0.209333440500871,-3.92168817074865,8.79307406456738e-05,0.00138843909507209
"ENSG00000111450",1137.3855566532,-0.651093031123196,0.116661946719773,-5.58102319933977,2.39107744870455e-08,1.01689186233808e-06
"ENSG00000111452",7918.7765869612,-0.71032176381424,0.262428553098873,-2.70672438431887,0.00679506450075787,0.0475117658941253
"ENSG00000111481",2047.87616928968,0.243590117959259,0.0765739918416018,3.18110773777004,0.00146713057277297,0.0144191547831759
"ENSG00000111602",177.392039302349,0.486939543410189,0.16502180670573,2.95075877019398,0.00316994385797538,0.0264627108424612
"ENSG00000111642",4537.5404637139,0.435718178656741,0.118099988614023,3.68940068301585,0.000224782957824225,0.00308953406056535
"ENSG00000111684",650.863161374537,-0.464829355758526,0.132420460752999,-3.51025327291047,0.000447680055478331,0.00552384397335804
"ENSG00000111726",522.302688721402,-0.317761806893612,0.114307547749179,-2.7798847333412,0.00543781964678383,0.0400657872843793
"ENSG00000111728",193.414395562819,1.49520890609863,0.288105469231744,5.18979702150646,2.10523441337036e-07,6.99924536180467e-06
"ENSG00000111737",1129.04711056533,-0.40470210385758,0.130336752385507,-3.10504977644803,0.0019024700553735,0.0176963993889472
"ENSG00000111752",881.700179865358,0.404831237909201,0.13853384506168,2.9222551191657,0.00347506766795059,0.0284481034259557
"ENSG00000111801",768.564876223611,0.754327624936145,0.145952156162572,5.16832121408277,2.36206094081197e-07,7.72868003256873e-06
"ENSG00000111816",88.8407294923007,1.1376347446171,0.223332901635235,5.09389676257898,3.50777826187146e-07,1.0975094107219e-05
"ENSG00000111859",1772.5459327153,-1.66697998306996,0.286500057290082,-5.8184280967949,5.94036027982166e-09,2.9068968204352e-07
"ENSG00000111885",5708.95222086195,-0.814162059540963,0.192334005319273,-4.23306350943744,2.30529370296757e-05,0.000445123964025318
"ENSG00000111911",370.516776276973,0.496875777789923,0.163111514970508,3.04623360208361,0.0023172772219167,0.0208252404106972
"ENSG00000112062",1279.75201697425,-0.303618521148229,0.0806353300885562,-3.76532868179228,0.000166330136731685,0.00238338133474045
"ENSG00000112078",2390.62610646576,-0.575693992071076,0.138722887360265,-4.14995681697419,3.32538004362201e-05,0.000604126961004058
"ENSG00000112137",44.376811426737,1.0502106479353,0.364601145313345,2.88043705137767,0.00397124245104521,0.0315194815712408
"ENSG00000112146",1334.69337817024,-0.292242527034751,0.0901952277618939,-3.24011074960907,0.001194832823302,0.0122549492389998
"ENSG00000112218",58.546110035415,-1.42587534088967,0.439449241692978,-3.2446872257567,0.00117579693734329,0.012093074754026
"ENSG00000112276",436.017292760154,-0.567280278692952,0.139923178406576,-4.05422664888729,5.03004298398819e-05,0.000858432955531869
"ENSG00000112290",629.604551309692,-0.532925579401472,0.121748324363468,-4.37727239522799,1.20173748125801e-05,0.000252936478926162
"ENSG00000112297",329.095749736391,-0.646409065555374,0.208343194397971,-3.10261665816942,0.00191817930068712,0.0178068742773577
"ENSG00000112304",293.891352480623,0.525203801147789,0.164406068676814,3.19455239928048,0.00140047859154415,0.0139261073428829
"ENSG00000112320",309.880213636159,0.907800201617744,0.2449935884508,3.70540391427447,0.000211054129118666,0.00292501192369158
"ENSG00000112343",1076.97454972126,-0.254319659273022,0.0903905603446356,-2.81356436228924,0.00489955767711228,0.0370306138386059
"ENSG00000112531",2993.08987630351,-0.237658983335896,0.0859058755809925,-2.76650440646321,0.00566608191312869,0.0412310620029353
"ENSG00000112561",75.2783672832965,0.798789932116188,0.268482550014935,2.97520241845049,0.00292795275109,0.0249157517761024
"ENSG00000112576",629.310108454083,-0.939665519208465,0.13666769522506,-6.87554961442098,6.17513099010849e-12,5.85534742097787e-10
"ENSG00000112658",1306.14067421004,-0.939020603943376,0.15009765057248,-6.25606463766691,3.94813164468388e-10,2.58366290902992e-08
"ENSG00000112715",1874.11967514758,1.18417466056427,0.256558115258973,4.61561958143068,3.91924289393592e-06,9.3985973140386e-05
"ENSG00000112773",516.800784800124,1.19084398007225,0.137838201629576,8.63943352418734,5.64924235935279e-18,1.220827549402e-15
"ENSG00000112837",2754.96812806571,1.80341164678393,0.199386413997432,9.04480706898697,1.49929694891589e-19,4.03832373849303e-17
"ENSG00000112851",2682.3704566627,-0.383685345010765,0.106231391980139,-3.61178873644525,0.000304092256745266,0.00398277279183281
"ENSG00000112936",1960.69493279795,-3.21462102483632,0.634280840668047,-5.06813515201022,4.0173212733962e-07,1.23204481627176e-05
"ENSG00000112972",238.914443563558,0.401171924094654,0.121405230776897,3.30440394971017,0.000951785836320718,0.0102071204662554
"ENSG00000113119",136.348217209022,-0.503211593583463,0.168370267887556,-2.98872003885821,0.00280148698125795,0.0241940685625832
"ENSG00000113140",29889.2445771495,0.535727267406846,0.0905951363052185,5.91342194797258,3.35072344770003e-09,1.72981097987514e-07
"ENSG00000113389",2568.35416326074,-0.941525805339394,0.342109972283613,-2.75211447083705,0.00592118194411128,0.0427205571310796
"ENSG00000113441",1032.72365683547,-0.527045313252512,0.171720272210716,-3.06920846599742,0.0021462676832239,0.0195723183968185
"ENSG00000113456",944.895484182232,-0.830115293648097,0.0933331000794714,-8.89411465965739,5.88868714691036e-19,1.38533228639657e-16
"ENSG00000113460",388.604212325721,-0.986975029991294,0.199242695880974,-4.95363218022759,7.28408375638625e-07,2.09234461533908e-05
"ENSG00000113552",1599.58459977283,0.584915096966023,0.143755185355442,4.06882781667868,4.72502475582689e-05,0.000815362907029181
"ENSG00000113580",2811.33538556594,0.996945636471743,0.172480086598885,5.78006224446195,7.46729928672207e-09,3.56760301397763e-07
"ENSG00000113657",4736.75473564831,0.605079767666661,0.117858662807141,5.13394393975766,2.83732642016063e-07,9.10737677352078e-06
"ENSG00000113719",6814.38731438154,-0.742096410130116,0.125387558414034,-5.91842140892232,3.25046259317421e-09,1.69215258527011e-07
"ENSG00000113721",20391.4209159604,-0.37565067939557,0.102924283034353,-3.64977698479754,0.000262468084430995,0.00352709280488072
"ENSG00000113810",717.645358277569,0.487328324851607,0.13556599726484,3.59476811799326,0.000324680626063583,0.00419511389383066
"ENSG00000113916",1688.0565858427,-0.804771265669085,0.131037064792632,-6.14155442921927,8.17178143472288e-10,4.99580782777384e-08
"ENSG00000114019",3390.28924016074,-0.91841391527899,0.160768450674522,-5.7126501588196,1.11230193445938e-08,5.14232125669838e-07
"ENSG00000114021",630.038726018768,-0.488770935223804,0.103227850744229,-4.7348746651216,2.19190509083691e-06,5.6273118363029e-05
"ENSG00000114098",1010.29346134236,-1.35685607691846,0.125611378617055,-10.8020156442597,3.36729088026682e-27,2.2350393217771e-24
"ENSG00000114209",467.4036912305,-0.415987040798888,0.10763314367681,-3.86486008480783,0.000111152897960188,0.00168910597595265
"ENSG00000114270",1546.90699729354,-1.22846580298822,0.184182878623246,-6.66981541482529,2.56125355527004e-11,2.17355695546547e-09
"ENSG00000114423",667.296813750762,-0.497928698215633,0.1852542838252,-2.68781205991146,0.00719218640913732,0.049671789079828
"ENSG00000114450",1067.76700633774,-0.932465988939185,0.141511706182347,-6.58932051697292,4.41844009691687e-11,3.5702917044e-09
"ENSG00000114626",1016.52204770743,-0.580908871913866,0.159514796848763,-3.64172404936595,0.000270818283648676,0.00362358373046122
"ENSG00000114650",1569.66328452091,-0.347188228925062,0.0870339757154503,-3.98911144838612,6.632125830202e-05,0.00109465416122828
"ENSG00000114670",184.343268997634,1.2563787093082,0.190720084228298,6.5875532427108,4.47133665773727e-11,3.59739358372499e-09
"ENSG00000114698",2224.4277717148,-0.534672930554529,0.127944979300235,-4.17892857913455,2.92885637893095e-05,0.000544872830855172
"ENSG00000114735",361.157282100586,0.462644167932455,0.13630548671919,3.394171277093,0.000688366257568958,0.00786457275089821
"ENSG00000114745",984.792573501924,-0.551894773590528,0.0776665832844083,-7.10594891975017,1.19498608360051e-12,1.32986924333626e-10
"ENSG00000114767",204.935333745445,-0.939061182669595,0.179826863035987,-5.22202949445696,1.76972772731571e-07,6.02388091797849e-06
"ENSG00000114850",2950.08740159226,-0.399673607854169,0.0971923160117186,-4.11219347634416,3.91917635816501e-05,0.000697680963759547
"ENSG00000114853",3379.39174943392,-0.752912363200716,0.108747502117596,-6.92349110130862,4.40646837952255e-12,4.37936977718859e-10
"ENSG00000114861",1705.79462553617,0.32879242172721,0.0863813859884329,3.80628787052847,0.000141068178031377,0.00207910554219916
"ENSG00000114978",2903.71735923588,-0.302285020386286,0.100049928534839,-3.02134169222344,0.00251657195719875,0.0222486303535551
"ENSG00000115084",1711.58940186377,-0.71967790642146,0.158707069013058,-4.53463044145971,5.77044312257404e-06,0.000131367507941858
"ENSG00000115091",3625.71334292267,-0.572484515602431,0.111429547544825,-5.13763654449138,2.78215306673576e-07,8.94572919468583e-06
"ENSG00000115129",619.804620359175,0.311310102342745,0.110196094800246,2.82505566923275,0.00472724021144543,0.0360507834754671
"ENSG00000115183",1151.16501906921,0.473144877121332,0.165186085414976,2.86431436360218,0.0041791303131636,0.03271656986948
"ENSG00000115271",118.445279506609,-0.56031550657711,0.190584159420878,-2.93998991458537,0.0032822293015457,0.0272736543210666
"ENSG00000115307",1213.0819528389,-0.383836391154682,0.10815541456159,-3.54893365912902,0.000386794515615207,0.00488022815526723
"ENSG00000115419",3865.24139352938,-1.18611607150343,0.150478484098808,-7.88229678552976,3.21417481418282e-15,4.74090785091967e-13
"ENSG00000115828",345.356447958451,-1.14265186211978,0.301981474764266,-3.78384754565412,0.000154422435144212,0.00225270090828508
"ENSG00000115840",476.658861060647,-0.483874341537115,0.154356438970116,-3.13478559602425,0.00171979757046919,0.0163909937677794
"ENSG00000115841",181.602842152679,-0.766946030891801,0.143729718893601,-5.33602957548083,9.50039121711416e-08,3.44853067910286e-06
"ENSG00000115884",411.315041270806,0.848545725138033,0.175214166287795,4.84290593115782,1.27953874734118e-06,3.47664146481517e-05
"ENSG00000115946",173.591518732418,-0.716005553847042,0.234950899083443,-3.04746888239297,0.0023077741878573,0.0207498709633904
"ENSG00000115963",17487.7800489279,0.750427815547495,0.151403673702265,4.95647032332393,7.1785325980716e-07,2.06521715689103e-05
"ENSG00000115993",4937.87720074389,-0.934942692116394,0.17542282461016,-5.32965247934016,9.8400875287231e-08,3.55793826306068e-06
"ENSG00000115998",186.119336022077,0.385340091182115,0.122944044834618,3.13427211298007,0.00172281013037144,0.0164112897349837
"ENSG00000116001",1335.47494957933,0.505524740609771,0.0688446487848873,7.34297798786567,2.08892894038405e-13,2.55412791822615e-11
"ENSG00000116016",22076.2762784277,0.629615849899897,0.181917751637481,3.46099181763511,0.000538189169814616,0.00638305406573365
"ENSG00000116106",292.736191864111,-1.36119119386988,0.441515919798143,-3.08299459392587,0.00204928877715205,0.0188918809143705
"ENSG00000116128",477.240105711712,0.547967815923318,0.137673686906224,3.98019278946575,6.88594009412652e-05,0.00112952512488386
"ENSG00000116132",5566.26234944767,0.766664830399905,0.107526609701008,7.13000096005741,1.00368227281124e-12,1.13740457562176e-10
"ENSG00000116171",3020.56037479127,0.298540382233253,0.0883183149427718,3.38027715346132,0.000724127697473454,0.00820604466923423
"ENSG00000116194",237.044105094213,-2.01916677764153,0.420929526377199,-4.79692359673562,1.61121021666602e-06,4.28388295804548e-05
"ENSG00000116212",570.294914031832,-0.279113619374866,0.0986751316549881,-2.82861157308379,0.00467504019930492,0.0357554000428321
"ENSG00000116285",3232.63543712134,-2.43982453799066,0.229464078663546,-10.6327079698085,2.09926869046401e-26,1.18226995794768e-23
"ENSG00000116299",30.6985249888312,1.11886935893211,0.342733858841117,3.2645428225718,0.0010964088805945,0.0114604944014898
"ENSG00000116406",1677.75325138247,-0.369166231377609,0.117653448356629,-3.13774255267553,0.00170254344013419,0.0162515510194627
"ENSG00000116455",246.161493143625,-0.47700698102698,0.127744808243181,-3.73406158408353,0.000188416390291488,0.00265080894289728
"ENSG00000116584",2250.59694884394,1.01451699333402,0.0823216096897614,12.323823564157,6.7420210855227e-35,8.35336412496263e-32
"ENSG00000116604",1650.08096718176,-0.344249247604669,0.117114606511265,-2.9394219718576,0.0032882505451453,0.0272943887367242
"ENSG00000116649",1250.55822077301,-0.782273617655641,0.149926887652839,-5.21770063997474,1.8115794134012e-07,6.14383273687251e-06
"ENSG00000116675",50.8991386691628,-2.13169141888153,0.438227910599179,-4.86434425403648,1.14836890650533e-06,3.14785193619491e-05
"ENSG00000116679",744.014016365315,0.779355207302361,0.174117970556964,4.47601821230389,7.60480004521454e-06,0.000167856542565691
"ENSG00000116690",24.9241878790234,-1.73030700985679,0.574671705049312,-3.01094867670284,0.00260432868039525,0.0228848456383668
"ENSG00000116704",634.153456428915,-0.856537791869857,0.145000573528537,-5.90713382041405,3.48110972298214e-09,1.7921447147264e-07
"ENSG00000116711",111.969948202533,2.5026821090689,0.397578630466867,6.29481042814113,3.07775761154047e-10,2.05018369930035e-08
"ENSG00000116761",49.9846613618064,-0.952907586686499,0.33158622407672,-2.87378521028673,0.00405584689432708,0.032021204133844
"ENSG00000116962",9435.92561442646,-1.55568707407912,0.254500315290717,-6.11271177523709,9.79521900383229e-10,5.91801737116544e-08
"ENSG00000116991",119.855227839028,2.71813835506894,0.556426208996408,4.8849933937718,1.03432321723019e-06,2.84783659144045e-05
"ENSG00000117122",687.822370993639,0.635249517051786,0.163183666784386,3.89284987627554,9.90734653189833e-05,0.00153568002748399
"ENSG00000117143",1600.14318870104,-0.652686486952047,0.109228921195952,-5.97539991978091,2.29526413221919e-09,1.24365842266162e-07
"ENSG00000117152",104.839762967995,1.09409366502931,0.369812589676631,2.95850843257122,0.00309131783794677,0.0259729394295844
"ENSG00000117280",1224.35176648072,-0.521711011614602,0.139517297487601,-3.73940021065105,0.000184459854494565,0.00260386712834889
"ENSG00000117385",1424.08266721595,0.36559753432049,0.128775100886691,2.83903900523579,0.0045249625333066,0.0348369629997942
"ENSG00000117461",215.510751865581,1.68085314245247,0.345219569704062,4.8689393358939,1.12198842097846e-06,3.08008195035225e-05
"ENSG00000117479",262.85563022178,-1.05225679158062,0.301525590989362,-3.4897760688503,0.000483425448438422,0.00586836182836583
"ENSG00000117500",1941.23207330096,-0.408035893259615,0.11042276054731,-3.69521547221955,0.000219700389095932,0.00302678408550622
"ENSG00000117592",3649.31260690649,-0.43285188739681,0.115123686400403,-3.75988557117032,0.00016999109405651,0.00242276417411061
"ENSG00000117600",39.28772884718,2.07875659344606,0.565287189091753,3.67734601731555,0.000235673254486486,0.00321584980516251
"ENSG00000117602",279.181731992441,-0.908078169800613,0.299165116748646,-3.03537451046997,0.00240237172628529,0.021475747250126
"ENSG00000117697",367.585663354988,0.330205413074625,0.115647132305393,2.85528405669967,0.00429983523557596,0.0334781892975196
"ENSG00000117724",126.640570145888,0.655121978159065,0.197193325294598,3.32223201358536,0.000893004060152744,0.00969246918908336
"ENSG00000117758",1738.84543273078,-0.965016922611726,0.158798313163746,-6.0769973143017,1.22453812878311e-09,7.22477495982034e-08
"ENSG00000117868",4997.26213215885,-0.549190187123945,0.14179951704844,-3.87300463750055,0.000107501781322883,0.00164709035934524
"ENSG00000118257",1755.47533428085,-1.02278869162622,0.18766508174751,-5.4500745802158,5.03487017817783e-08,1.98248013265752e-06
"ENSG00000118454",799.21143239655,-0.34221344855647,0.0854396883993949,-4.00532182370288,6.19331027932634e-05,0.00102862083593637
"ENSG00000118503",356.040732952767,-0.565191719677062,0.134751460762936,-4.19432721899308,2.73682668788805e-05,0.000512224813639471
"ENSG00000118507",100.500443087503,-1.03336208750832,0.19030471477294,-5.43003933844344,5.63416312494372e-08,2.18603176778871e-06
"ENSG00000118515",2756.00869033105,-0.529655490682981,0.177540142615036,-2.9832999054836,0.00285158423857733,0.0244788420664941
"ENSG00000118579",1127.48707243794,-0.369868967422733,0.114093987313198,-3.24179193078256,0.0011878070950429,0.0122030927923562
"ENSG00000118680",5768.63561045573,-0.475802499927843,0.142507858387575,-3.33878078943418,0.000841469390871445,0.00922093669183125
"ENSG00000118689",5165.48667934315,-1.27171140498066,0.14647369962257,-8.68218259153402,3.88245485577992e-18,8.4888733523141e-16
"ENSG00000118707",219.3641807421,0.595487080368857,0.149452580211496,3.9844549992122,6.76351721110274e-05,0.00111140554702338
"ENSG00000118762",3815.76017434331,-0.868570693056918,0.251253412872887,-3.45695082556488,0.000546324532382006,0.00646358707185072
"ENSG00000119138",1683.2682077277,-2.11010896627632,0.205833144371973,-10.2515509478057,1.16459639193209e-24,5.69579577475205e-22
"ENSG00000119139",5029.85142077092,-1.95741706748889,0.250087878903079,-7.82691698643852,4.99978981802484e-15,7.03947680060542e-13
"ENSG00000119392",597.947062111095,-0.316665587258559,0.112598159252754,-2.81235136844224,0.00491807469011713,0.0370951372223323
"ENSG00000119508",216.673741809452,-2.12128845752895,0.321688384960922,-6.59423391300446,4.27457309076486e-11,3.48433951280109e-09
"ENSG00000119514",286.113578398288,1.15568266556617,0.388836785539344,2.9721536350095,0.00295718665415724,0.0251070415566525
"ENSG00000119523",796.714553523003,-0.372094477720374,0.0984141701133459,-3.78090347448771,0.000156260254720874,0.00226705451521268
"ENSG00000119537",2618.66568693689,-0.590528096929364,0.182443302746586,-3.23677596293906,0.00120888278046588,0.0123785600412994
"ENSG00000119541",1372.99956132298,-0.37166095505803,0.086045335585738,-4.3193620261693,1.56480903613865e-05,0.000317835802586195
"ENSG00000119608",38.6772213376396,0.919302050685872,0.283672965882307,3.24071082285395,0.00119232069711582,0.0122426962187279
"ENSG00000119630",712.055873509175,1.20161506077769,0.422219583029798,2.84594819632723,0.0044279397684303,0.0342745775078205
"ENSG00000119673",442.104556102844,-0.772765041503344,0.159677951748492,-4.8395225079072,1.30151451422106e-06,3.52090935179015e-05
"ENSG00000119703",28.7985292074512,1.23324113561209,0.329097328082137,3.74734472260526,0.00017871640030057,0.0025315886429772
"ENSG00000119711",562.981534656845,-1.24339680053395,0.200916930210838,-6.18861137898711,6.06965145694654e-10,3.7853849774279e-08
"ENSG00000119714",54.8129633903873,2.90161733355946,0.428093683261267,6.77799614200005,1.2185410316216e-11,1.09934878993629e-09
"ENSG00000119772",260.022570540286,0.583454670951768,0.131581705803125,4.43416254098989,9.24308740968754e-06,0.000200680817183461
"ENSG00000119900",769.485032501238,-0.540236888342963,0.162177948088027,-3.3311365368227,0.000864921677507736,0.0094334327326768
"ENSG00000119943",227.582669163159,0.562102317180789,0.187129478804571,3.00381490277019,0.00266617476344105,0.0232961250486845
"ENSG00000119953",615.935163558632,-0.322662547683959,0.107744651686831,-2.99469665206034,0.00274717904346985,0.0238024813626514
"ENSG00000119977",2165.72700501457,0.437353811640591,0.148339806038217,2.94832400905198,0.00319502001014535,0.0266395006229481
"ENSG00000120129",3409.02937530956,-2.94898340153752,0.201613621263822,-14.6269055783618,1.89198465660861e-48,5.86042247384517e-45
"ENSG00000120162",60.6707970651537,-2.80286692862351,0.437241490315052,-6.41034071721766,1.45194779309182e-10,1.01065354811279e-08
"ENSG00000120217",116.78615974262,0.808914222858069,0.233340052023067,3.46667542003506,0.000526937772608709,0.00627729574872331
"ENSG00000120265",1021.22880342078,-0.310574028694931,0.106971771423358,-2.90332696712839,0.00369220937279021,0.0297808051457153
"ENSG00000120318",301.262042343139,0.56419495507332,0.162334240342579,3.47551418531718,0.000509875026123232,0.00612542169392389
"ENSG00000120370",327.361631357868,0.477049011500055,0.126680769716613,3.76575712767787,0.000166045141689153,0.00238113345547293
"ENSG00000120526",244.139875884659,-0.629893495973279,0.119329267857444,-5.27861695025045,1.30162580160071e-07,4.59090865443577e-06
"ENSG00000120688",385.094336754311,-0.334494741608517,0.11140933543302,-3.00239419172927,0.00267865072377293,0.0233721707517934
"ENSG00000120690",1383.58922656758,-0.921519172220375,0.113838442107983,-8.09497350065855,5.72768196114937e-16,9.33762888140009e-14
"ENSG00000120696",171.716396972827,0.489897368862503,0.135035107134317,3.62792594651116,0.000285707177029442,0.00379547382779999
"ENSG00000120705",2913.43371465669,-0.291802760052134,0.0987822384276559,-2.95400028078771,0.00313683720272255,0.0262604141498192
"ENSG00000120800",821.16881809708,-0.557144696794925,0.189646655608758,-2.93780396499222,0.0033054596179239,0.0274005205170007
"ENSG00000120802",458.773336054853,0.390228302790278,0.123856769172242,3.15064170814601,0.00162912205122258,0.0156714458188259
"ENSG00000120837",1841.38811314411,-1.0271306068672,0.322418704667785,-3.18570415424732,0.00144402180202197,0.0142599071150788
"ENSG00000120899",391.397133627663,-1.10182504908937,0.377728269425636,-2.91697799257857,0.00353440709638693,0.0288733872027917
"ENSG00000120942",285.169282108325,-0.713735618923042,0.157148848417311,-4.54178077734114,5.57810301390547e-06,0.000128144678014132
"ENSG00000121104",147.733738390045,0.496821435562223,0.159670726902621,3.11153738195995,0.00186115908294272,0.0174340110138528
"ENSG00000121210",435.376397339465,0.613191061298568,0.149755911531665,4.09460337843767,4.22891693023063e-05,0.000743561221838565
"ENSG00000121361",169.212417118519,-0.737756081762818,0.224790883228542,-3.28196620417542,0.0010308595947503,0.0109041124464623
"ENSG00000121417",192.976926265489,0.547752445901333,0.180681520791588,3.03159085390449,0.00243268698321152,0.0216523127039692
"ENSG00000121621",31.7909395998817,1.4954676267,0.412335235625819,3.62682472292299,0.000286927921074291,0.00380353453150192
"ENSG00000121653",213.946786684176,0.689156675820968,0.21593356791463,3.1915217373402,0.0014152546122393,0.014035489310815
"ENSG00000121690",91.6397453792493,0.616285645836082,0.212061723671838,2.90616163617426,0.00365892387237562,0.0295656957252613
"ENSG00000121691",2096.82933264379,-0.777904325599545,0.196059717569026,-3.96769073854077,7.2572424023524e-05,0.00117590104662353
"ENSG00000121753",508.661836030916,0.646964817255141,0.164949134842976,3.92220800594694,8.77411935500429e-05,0.00138662421949621
"ENSG00000121858",247.334411119207,0.993188542983479,0.308391567739886,3.22054377252359,0.00127947651887001,0.0129304356189229
"ENSG00000121879",1070.6046627359,-0.58860340268476,0.118157244999408,-4.98152612383361,6.30847658229809e-07,1.85218068376003e-05
"ENSG00000121892",2490.2932671156,-0.240384065509927,0.0843314417423613,-2.85046787465484,0.00436549600927908,0.0338617459651301
"ENSG00000122035",943.340574231144,-2.37174018928906,0.406153737477376,-5.83951339219468,5.23535083068090e-09,2.58087520393115e-07
"ENSG00000122085",391.388230197842,0.333781176120643,0.118480617808218,2.81717957160662,0.00484474301042264,0.0366759873110814
"ENSG00000122376",445.876057147622,-0.383510643961498,0.114943573280272,-3.33651228178165,0.000848366801677787,0.00927464529951863
"ENSG00000122420",1754.74724185672,0.718530934418682,0.250669020559132,2.86645287405662,0.00415099956563803,0.0325237465967043
"ENSG00000122490",736.148562232013,-0.402182521107215,0.11803485769184,-3.40731991355652,0.000656041843723181,0.00754022119084436
"ENSG00000122507",548.996626145576,0.365935701509782,0.110655458630744,3.30698282794079,0.000943066729560215,0.0101194544854946
"ENSG00000122512",301.614529565326,0.309120824091091,0.110389570440522,2.80027200810284,0.00510595616638088,0.0381714381947661
"ENSG00000122641",880.312978891696,-1.09060997708474,0.341498221892955,-3.1936036768783,0.00140508873039235,0.0139644781039261
"ENSG00000122679",10.3540691139134,4.0513862917392,1.22874394776364,3.29717700674161,0.000976619315020306,0.0104253130210525
"ENSG00000122741",995.17692521888,-0.258570068510856,0.0899900131481036,-2.8733195992016,0.00406182980812162,0.0320548224984884
"ENSG00000122786",22796.1352309268,-0.816459770757403,0.154822818081188,-5.27351059021064,1.33838526980818e-07,4.69185702083508e-06
"ENSG00000122863",1044.69735743092,-0.845928777515443,0.223870738189607,-3.77864826978408,0.000157681956608935,0.00227878628582974
"ENSG00000122877",17.0525886100554,3.07660944159166,0.503568041349193,6.10962012868927,9.9868560538887e-10,5.98492180535832e-08
"ENSG00000122966",288.894444022564,1.58611395588188,0.225697652548782,7.02760501923725,2.10108659458828e-12,2.24417783680594e-10
"ENSG00000122970",569.282937637797,-0.552550634217301,0.131167119093516,-4.21256972049037,2.52481745332822e-05,0.0004797927645205
"ENSG00000122971",527.212359998055,-0.97691843330068,0.271137091726445,-3.60304238376324,0.000314514220550718,0.00407936395923897
"ENSG00000123094",1290.05645607768,-0.870792489006659,0.175068695078077,-4.97400456785437,6.55837623745529e-07,1.91646890523752e-05
"ENSG00000123104",206.958738790151,-0.864532283485091,0.24481916468574,-3.53130966930159,0.000413507333070534,0.00515774079537978
"ENSG00000123130",915.826701047004,-0.416897237753909,0.11673575987692,-3.57128987889799,0.000355227470649,0.00453116166232785
"ENSG00000123178",189.981098614308,-0.697339557210163,0.187318324462138,-3.72275141373643,0.000197063520762166,0.00276409474216215
"ENSG00000123179",348.352489523782,-0.508330586480019,0.15771818090306,-3.22303100105155,0.00126841825056669,0.0128326364653141
"ENSG00000123213",519.449306765087,-0.813108539344818,0.157291064980612,-5.16945154796328,2.34781993529e-07,7.69563201011723e-06
"ENSG00000123342",616.341571018158,-0.41585736407786,0.118776865253615,-3.50116466864075,0.000463229523704682,0.00567509604354088
"ENSG00000123352",627.923638756167,0.592010770167001,0.138333035893127,4.27960513079737,1.87225185190703e-05,0.000370957363195013
"ENSG00000123358",180.641400278404,-1.28638186622141,0.260945518611916,-4.92969518336332,8.23580162009104e-07,2.33326788276512e-05
"ENSG00000123405",13.5287795433078,2.83430319218954,0.578630579646994,4.89829485665737,9.66718948887911e-07,2.68557125038592e-05
"ENSG00000123411",245.083358994858,0.660798506461746,0.128505787543741,5.142169229046,2.71584314096224e-07,8.74765074086365e-06
"ENSG00000123416",1382.50513936353,0.801196768676605,0.253314141301405,3.16285843561849,0.0015622828144461,0.015177744958955
"ENSG00000123505",528.134975874376,-0.37416391664959,0.12199824105118,-3.06696156785262,0.00216246658621444,0.0196814111189008
"ENSG00000123562",5040.48267766273,-1.02828264558667,0.0958770667740918,-10.7250115192775,7.76773948000474e-27,4.81211460786294e-24
"ENSG00000123610",322.731987785416,2.5116375547963,0.476994933454481,5.26554346522421,1.39775243168234e-07,4.87377653711374e-06
"ENSG00000123612",20.5205768889407,1.44643993008169,0.388846283050366,3.71982449911792,0.000199361259132897,0.00278581127893601
"ENSG00000123643",788.521495825999,-0.753413274302039,0.153525783829085,-4.90740548923553,9.22891026244963e-07,2.58312194619919e-05
"ENSG00000123685",42.3506475522259,-1.93770334650497,0.464194831409243,-4.17433201619743,2.98861641257964e-05,0.000551573346849976
"ENSG00000123689",42.1351059080251,2.67616543776991,0.475619329342666,5.62669612580406,1.83693907356613e-08,8.08993191521955e-07
"ENSG00000123983",2693.61686094995,0.447029629930976,0.165033371842384,2.70872263555224,0.00675427788055576,0.0473691526075958
"ENSG00000124006",1534.84651937018,-0.370842976529706,0.105834581446278,-3.5039868014969,0.000458348074193475,0.0056283763378749
"ENSG00000124104",851.339872171428,0.789960625553728,0.21554227335858,3.66499161971598,0.000247346682047768,0.00335298182775913
"ENSG00000124134",26.083748356193,2.73917676707906,0.750566923120332,3.64947705887634,0.000262774704919195,0.00352866177089829
"ENSG00000124151",1569.91028919931,-1.40016816616668,0.203140745732096,-6.89260129040401,5.47812584549578e-12,5.27517973256679e-10
"ENSG00000124164",1217.09542153566,-0.259997547019042,0.094534015987386,-2.75030680018645,0.00595394901003856,0.0428892024618475
"ENSG00000124226",1514.54992061495,0.460391045800295,0.0940476769854855,4.89529418011407,9.815877826159e-07,2.7147037112971e-05
"ENSG00000124249",96.6265531490933,1.48901910898884,0.461226624367282,3.22838932169516,0.00124489421311785,0.012684407319515
"ENSG00000124357",1251.95273662837,0.36012154419197,0.129643994858279,2.77777265800577,0.00547328980577446,0.0402453865075597
"ENSG00000124374",25.5648573241367,-1.27491174523465,0.370917970263338,-3.43717977408729,0.00058780532075884,0.00686634939428224
"ENSG00000124422",3914.94122003177,0.342285518736595,0.0764052275778171,4.47987041708611,7.46883688099959e-06,0.000165444974294848
"ENSG00000124440",197.043622803841,-2.5521238186695,0.461578092559778,-5.52912683640631,3.21828602795072e-08,1.33508584440768e-06
"ENSG00000124459",259.75372542941,0.43028227526814,0.128480050987276,3.34902011605484,0.000810979074320852,0.00897145600967442
"ENSG00000124466",19.928379437852,1.42173364253339,0.406868457529139,3.49433242175469,0.000475248862590831,0.00579560374753975
"ENSG00000124486",5345.4450066674,-0.420871419075373,0.150660623875906,-2.79350641360699,0.00521399950665776,0.0387763828856481
"ENSG00000124496",484.129660038702,0.833490638568271,0.129173857587538,6.45247153049861,1.10040560312642e-10,8.08341428225475e-09
"ENSG00000124608",352.898802645492,0.779384092169085,0.227230134060002,3.42993280971829,0.000603730728495916,0.00702588327432474
"ENSG00000124702",1044.97191149591,-0.606057420833841,0.090039309831652,-6.73103139025607,1.68464614024174e-11,1.49091183411394e-09
"ENSG00000124762",8020.52881680403,1.00601021289238,0.227617269072038,4.41974467488226,9.88175831046839e-06,0.000212069836258724
"ENSG00000124766",1281.46865801595,2.35748276526817,0.253189261762212,9.31114830407873,1.2645767027984e-20,3.91702633691806e-18
"ENSG00000124831",2131.66938753722,-0.622535473252696,0.207596380498722,-2.99877807000844,0.00271064675357254,0.0235849110089633
"ENSG00000125148",3656.252782247,-2.20343864531794,0.147408663443823,-14.9478232407802,1.60923879613925e-50,5.98154060524959e-47
"ENSG00000125398",566.475839016294,1.25414928179896,0.347053549235731,3.61370539088507,0.000301852031795214,0.00396741160602126
"ENSG00000125430",358.030559328988,-0.906946573693358,0.165056638835249,-5.49475973879867,3.91242699355057e-08,1.58760820251392e-06
"ENSG00000125503",2595.80011533415,-0.654871786292505,0.101714006064,-6.43836391499955,1.20768168471234e-10,8.80186827857995e-09
"ENSG00000125657",13.3117287276299,1.76185470852503,0.51086815303017,3.4487464095672,0.000563195349254143,0.00662467440879003
"ENSG00000125675",438.755432566523,0.714626798165367,0.187215742542742,3.81712984420749,0.000135013125606066,0.00200416848193988
"ENSG00000125676",1818.9663473738,-0.667341059973526,0.14935462922978,-4.46816455181198,7.88936089009732e-06,0.000173519256973324
"ENSG00000125746",528.541576402759,-0.434862581672942,0.119643642538274,-3.63464846478434,0.000278359925399276,0.00370847255451294
"ENSG00000125753",934.804274987989,-0.475136469125896,0.154661208029582,-3.07211145690144,0.00212550344608896,0.0194593505150558
"ENSG00000125772",324.772011037196,0.566533421946662,0.191097918626852,2.96462371760786,0.00303053359416754,0.0255662582149813
"ENSG00000125835",498.431802858871,-0.516087299311561,0.187059108387089,-2.75895305907052,0.00579868636749103,0.0419659603348212
"ENSG00000125848",178.654450436053,2.36708382036397,0.340350256496766,6.95484658871254,3.52945900834008e-12,3.54567544162164e-10
"ENSG00000125868",15848.9769017164,-0.919960730946811,0.214654831774029,-4.2857676360869,1.82109258636082e-05,0.000362864532528288
"ENSG00000125945",732.661002156065,0.495472873464165,0.183562407706625,2.69920666030948,0.00695050000818305,0.0483801657872966
"ENSG00000125965",244.336648201329,1.29671103608336,0.270462240454406,4.79442540261717,1.63141756042212e-06,4.33141362292072e-05
"ENSG00000125970",2045.06857939435,0.448845968886664,0.10966811690221,4.09276626211149,4.26257341509569e-05,0.000747357801127862
"ENSG00000126016",386.415162103212,2.2969326257942,0.344571834116804,6.66604869687513,2.62782098831594e-11,2.21991150308417e-09
"ENSG00000126062",999.838120725048,-0.382552831597768,0.0868799627409217,-4.40323429625023,1.06648880105623e-05,0.000227301540913188
"ENSG00000126218",294.247979584995,-0.717922025767187,0.229217778616672,-3.13205210389806,0.00173589065722908,0.0164683654234826
"ENSG00000126458",2021.2241980643,-0.571978058727917,0.140050713879585,-4.0840781377216,4.42521396921947e-05,0.000772231001107454
"ENSG00000126561",868.661876936372,-0.607013354289632,0.105965262883097,-5.72841833044195,1.01371335211118e-08,4.72177008746523e-07
"ENSG00000126705",594.377194930845,0.644264210928021,0.11877530040999,5.42422716426849,5.82058206198517e-08,2.24897126033252e-06
"ENSG00000126767",650.227673201377,-0.402864227816379,0.130612935579245,-3.08441293375537,0.00203954296917476,0.0188207080844652
"ENSG00000126785",672.621155629475,1.17861564024078,0.306881280626402,3.84062409357457,0.000122721916071034,0.00184082874106551
"ENSG00000126803",449.17684817333,-2.55800281918497,0.646124064778701,-3.95899635786062,7.52653844777944e-05,0.00121004080494793
"ENSG00000126804",772.141921104768,-0.299526173242402,0.10260204531743,-2.9193002178049,0.00350818182318878,0.0286843639172739
"ENSG00000126860",22.3218288432107,1.50284904970789,0.36768465164057,4.08733147549765,4.36363437044103e-05,0.000763636014827181
"ENSG00000126861",309.30615640905,1.7106434670867,0.244144451788006,7.00668581472442,2.44029405889064e-12,2.53367961365824e-10
"ENSG00000126878",93.2605268616648,2.71442670776155,0.477460992162993,5.68512769067199,1.30714956036153e-08,5.89645014061143e-07
"ENSG00000126882",17.9608335460564,1.07523903676399,0.374490025191853,2.87120874905317,0.00408905398160466,0.0321468139797473
"ENSG00000126950",786.116082755273,1.6452455489573,0.306275984350988,5.37177458573397,7.79655329489029e-08,2.89797885971072e-06
"ENSG00000126970",184.434610287886,0.403935257855884,0.145700463442931,2.77236769404031,0.00556501367353091,0.040734848019918
"ENSG00000127083",304.476810780945,-1.78440097258001,0.645368944344573,-2.76493157629737,0.00569347370105383,0.0413656015379537
"ENSG00000127314",3425.46498267532,-0.369002695283145,0.116337022238545,-3.17184236095126,0.00151475206139958,0.0148010867829186
"ENSG00000127324",26.4057476749557,-4.38744373400153,0.842441497612808,-5.20800998815236,1.90876652820874e-07,6.40332597955948e-06
"ENSG00000127589",307.266600393489,1.163935814893,0.281010315049811,4.1419682928247,3.4433795493754e-05,0.000619508314861005
"ENSG00000127824",228.718631937045,1.53922389625611,0.191506570888757,8.0374469090683,9.17296209980044e-16,1.45708974892984e-13
"ENSG00000127837",1356.12547281981,-0.301477421412054,0.111241127747189,-2.71012554005389,0.00672577458443052,0.0472405595811191
"ENSG00000127946",1423.48716204316,-0.497475075847009,0.179452564708512,-2.77218147678785,0.00556819840980984,0.0407421131678409
"ENSG00000127947",1638.96523477904,-0.399745212526934,0.0942449675214082,-4.24155499269635,2.21976484000992e-05,0.000431079723632021
"ENSG00000127954",286.384119280247,-5.2870265537216,0.900412022954468,-5.87178582575296,4.31125494677613e-09,2.15388906413533e-07
"ENSG00000128039",138.328362673507,-0.432752567952519,0.156604772329841,-2.76334214797143,0.00572127583385347,0.0415189033081479
"ENSG00000128045",124.216106526897,-3.99884917111574,1.03098819109765,-3.87865661861592,0.000105034893945115,0.00161887917972493
"ENSG00000128165",58.7524136478217,2.69303136145906,0.431089352169585,6.24703752923978,4.18310579240068e-10,2.71828745285897e-08
"ENSG00000128262",161.639314693814,-1.57175969017073,0.531639359829449,-2.9564396636753,0.00311213114676613,0.026100612528271
"ENSG00000128274",1266.5010338587,-0.530506762685005,0.17067137375473,-3.10835233240339,0.00188133635716747,0.0175567605542831
"ENSG00000128285",6.62474139908411,5.33866530596088,1.15030066978186,4.64110423144695,3.46552251467788e-06,8.46343441988022e-05
"ENSG00000128309",579.038039427768,-0.993989942956734,0.188465267357012,-5.27412799661281,1.33388790351613e-07,4.69185702083508e-06
"ENSG00000128311",316.409229736023,-1.30478973675086,0.147192832630385,-8.86449233589593,7.68534355783318e-19,1.78540137527912e-16
"ENSG00000128342",153.121849690958,2.50843704875984,0.346771779200817,7.23368278278259,4.70069048071774e-13,5.60014952462430e-11
"ENSG00000128510",164.045430457896,2.27398580473314,0.726734255276415,3.12904722492849,0.00175374120021874,0.01661227329565
"ENSG00000128594",19.0094500274597,1.77110661656331,0.496365720352238,3.56814853230894,0.000359512694148331,0.00457326722843719
"ENSG00000128606",1137.04634294187,2.18537217319314,0.654834991378479,3.33728680043924,0.000846005999714295,0.00925972997920505
"ENSG00000128699",1855.27912050025,-1.01100096888525,0.154492868454701,-6.5439976550224,5.989573654912e-11,4.65758269357906e-09
"ENSG00000128805",357.985794617677,0.728268177801081,0.214912157668833,3.38867835910568,0.000702303375059969,0.00799284030954655
"ENSG00000128908",1091.10372567744,-0.369807774391954,0.112743898696975,-3.28006906507549,0.00103781677354039,0.0109589913274137
"ENSG00000128917",68.5033419798464,-3.68781722274573,1.30017037992302,-2.83641073484852,0.00456237300734311,0.0350303224590255
"ENSG00000128923",1415.67842643882,-1.03527522047915,0.122233073791831,-8.46968163659433,2.46064635807574e-17,4.91732393170298e-15
"ENSG00000128989",2156.42982681276,-0.338273771668497,0.0702642119350374,-4.81431104615885,1.47708588376525e-06,3.93854248920762e-05
"ENSG00000129038",3781.68700418241,0.520457936092894,0.113134910912835,4.60033010052824,4.21821948436198e-06,9.96132263238467e-05
"ENSG00000129048",1441.85031149386,1.45447103896058,0.312030055017701,4.66131712497399,3.14192168882692e-06,7.76497534399579e-05
"ENSG00000129116",21202.5826388257,-0.865114685734402,0.202764769478429,-4.26659270227137,1.98481041438025e-05,0.000390676246397153
"ENSG00000129128",3477.14771007536,-0.771099298556522,0.198101301096553,-3.89244944020177,9.92371852905099e-05,0.00153693590718677
"ENSG00000129245",665.798604326304,-0.269763064707151,0.0995661271854203,-2.70938593609025,0.00674078787085353,0.0473176432647696
"ENSG00000129250",7170.67253612749,-0.512277978359552,0.15626007557,-3.27836766039491,0.00104409308687866,0.0110065059668973
"ENSG00000129270",6.07760320461428,-2.26615023688696,0.817328803833425,-2.77262984769201,0.00556053303870764,0.0407341373765792
"ENSG00000129282",59.8410404416089,-0.568503442665155,0.206868240751809,-2.74814268540727,0.00599339207594897,0.0431398883545746
"ENSG00000129353",4001.62856529462,-0.546880732888068,0.19330209652622,-2.82915055095581,0.00466717380959102,0.0357099321742483
"ENSG00000129467",105.732178254357,1.64177127162247,0.272652919959392,6.02146961003386,1.7284047833462e-09,9.6274829375109e-08
"ENSG00000129473",1501.03499189214,-0.351782038002016,0.126657744034143,-2.77742226252811,0.005479194497891,0.0402652549400175
"ENSG00000129484",199.310071954229,0.773564835574626,0.142858599881931,5.41489862153175,6.13234406882887e-08,2.35474410163604e-06
"ENSG00000129566",927.239048710427,-0.405653131569612,0.102073144880737,-3.97414160251044,7.06335333598556e-05,0.00115151247148501
"ENSG00000130005",369.251775122898,0.376139099982439,0.129950201371257,2.89448647261299,0.00379779273099694,0.0303776642565976
"ENSG00000130066",4098.11670597519,-1.32117021125722,0.16706421059385,-7.9081582258759,2.61224670730821e-15,4.01228140953083e-13
"ENSG00000130150",830.324723727583,-0.702602964560727,0.215604297042621,-3.25876141708733,0.00111899728941627,0.0116442131152304
"ENSG00000130202",1135.52686972594,-0.338795911072936,0.113783772726092,-2.97754155057339,0.0029057025600238,0.0247831491868024
"ENSG00000130224",371.144693163141,-0.756722173466057,0.161370609410661,-4.68934322197623,2.74083333513602e-06,6.90222053299497e-05
"ENSG00000130227",1713.82637797632,0.424326196747931,0.108301484745698,3.91800904432925,8.92833570759088e-05,0.00140621287394556
"ENSG00000130311",635.995974147223,-0.519159676960684,0.0964378695446691,-5.38335904154555,7.31085032694264e-08,2.73935792996429e-06
"ENSG00000130338",516.789533847267,0.427828198419975,0.128873518425746,3.31975260430621,0.000900972525137366,0.00973521766260345
"ENSG00000130340",4257.92098352326,0.479473358371809,0.147439651000174,3.2519973773625,0.0011459707924872,0.0118651070631613
"ENSG00000130402",13529.8539880103,-0.805886103728127,0.174961849442743,-4.60606758727626,4.10355063947052e-06,9.75249215275699e-05
"ENSG00000130479",520.131205358716,-0.505334987998124,0.109740368415691,-4.60482314114294,4.12816543154695e-06,9.79846162775224e-05
"ENSG00000130487",7.00097638502584,2.85233103742336,0.973129133971108,2.93109201836726,0.00337772713307169,0.0278752481208425
"ENSG00000130513",451.004765299293,1.85683622921176,0.289146254508557,6.42178897446796,1.34682045386006e-10,9.57364969974598e-09
"ENSG00000130517",1181.00011366746,0.553909515770383,0.13939110053778,3.97377962892438,7.07410186241581e-05,0.00115225401501313
"ENSG00000130529",526.961316719623,-0.706999568082745,0.163204575433449,-4.33198374619738,1.47771853189433e-05,0.000303128023347198
"ENSG00000130584",179.083280678099,0.761797169149345,0.211924865762954,3.59465684409797,0.000324819418521513,0.00419511389383066
"ENSG00000130592",19.9435924490582,2.05152332539149,0.614785461314598,3.33697436664281,0.000846957591643444,0.00926468913519329
"ENSG00000130635",9329.908451109,0.571322947034355,0.151030348298011,3.78283539350004,0.000155051958116262,0.0022565705885597
"ENSG00000130766",839.422632402742,0.920276824087372,0.189299687471939,4.86148094789533,1.16510795813026e-06,3.18903260704727e-05
"ENSG00000130921",308.604400145395,0.409435877666472,0.111689748065925,3.66583222503824,0.00024653552290419,0.00334442532348495
"ENSG00000130956",1043.65820428793,-0.575111875398753,0.205273684764376,-2.80168340164448,0.00508367361357985,0.0380507749127593
"ENSG00000130958",497.341773827934,-0.351490835753133,0.126716100725961,-2.77384510523469,0.00553980479270662,0.0406303362559007
"ENSG00000131016",40295.4160103128,0.97403260954835,0.335582435333665,2.9025136806695,0.00370180990988259,0.0297808051457153
"ENSG00000131043",691.752022471857,-0.236606216056914,0.0866358164400339,-2.73104387745551,0.00631340655743882,0.0450010888027151
"ENSG00000131080",1123.67111890117,0.936326628404137,0.187594616798133,4.99122333244617,5.99980761286507e-07,1.77841187376551e-05
"ENSG00000131089",566.457156502384,0.337201397695854,0.107301026012598,3.14257384320133,0.00167469465311693,0.0160268795716675
"ENSG00000131100",2216.02273171259,-0.314915480156604,0.108197196586963,-2.91056968286135,0.00360770509433278,0.0292919175090322
"ENSG00000131148",348.628573827005,-0.38699595615453,0.100509271328033,-3.85035082874583,0.000117948750778941,0.00177698409241763
"ENSG00000131236",7143.52256185492,-0.522536134372204,0.108261975191689,-4.82658970009554,1.38890851927577e-06,3.73018277900869e-05
"ENSG00000131242",31.7093672302088,2.20414352278579,0.334459765976811,6.59016045277808,4.39351497328775e-11,3.56565396412895e-09
"ENSG00000131323",589.167730970682,0.417643419839192,0.124033415276211,3.36718471316087,0.00075939805415617,0.00850718073326849
"ENSG00000131370",284.579657341378,0.975612771553066,0.191454572888653,5.09579247355175,3.47285402180222e-07,1.08841470480935e-05
"ENSG00000131386",11496.4862074381,-1.54340704824469,0.28653962962587,-5.38636505623983,7.18968627009003e-08,2.70486476375755e-06
"ENSG00000131389",740.410803126942,2.1196760141799,0.222557844112806,9.52415774258452,1.66385642458373e-21,5.94668685594013e-19
"ENSG00000131408",1600.99151334802,-0.355636709018691,0.118667214288338,-2.9969247289699,0.002727180417489,0.0236623006811546
"ENSG00000131437",367.56785456566,0.610542343929719,0.147038537815402,4.15226071342072,3.2920690490879e-05,0.00060099953229522
"ENSG00000131446",5362.00674215496,-0.861355616336266,0.123803744619975,-6.95742781432226,3.46541407859934e-12,3.500256557107e-10
"ENSG00000131459",1022.48448209512,-1.31221199915746,0.267709030302617,-4.9016351733602,9.50422178505431e-07,2.64821532046828e-05
"ENSG00000131467",1688.96797659466,-0.315601540874479,0.110605208900175,-2.85340576644378,0.00432533538889276,0.0336485383853378
"ENSG00000131507",2934.17313976375,-0.39674651040153,0.132770247129109,-2.98821851265913,0.00280608851776904,0.0242156543514203
"ENSG00000131730",20.0333117232276,1.19327614252362,0.354689308430096,3.36428562734304,0.000767420765015434,0.00858153725500111
"ENSG00000131732",598.616392711376,0.397287443491679,0.147134763975377,2.70016026639472,0.00693060807738237,0.0483140851906044
"ENSG00000131771",95.419786398675,3.04553237998695,0.888741194190631,3.42679331158998,0.000610753757873872,0.00709428661880369
"ENSG00000131844",567.37285439455,-0.456142450338806,0.107676366919849,-4.23623552119236,2.27298363247005e-05,0.000440494273299852
"ENSG00000131871",806.896211416967,-0.686018714420752,0.0794765286584395,-8.63171462066498,6.04390270353796e-18,1.27643104255969e-15
"ENSG00000131899",1204.42795617637,0.438955783504709,0.133464981706999,3.28892101801179,0.00100572241883456,0.010680772088023
"ENSG00000131979",85.0694119387453,-1.62457319167307,0.27321438320026,-5.94614812237866,2.74525748249143e-09,1.44534306833154e-07
"ENSG00000132155",2810.67879553971,-0.796139808228367,0.133875372619325,-5.94687277167993,2.73313678504261e-09,1.44304963494366e-07
"ENSG00000132170",516.135672674552,-1.03739916668245,0.297649777750515,-3.48530133139215,0.000491583112235345,0.00595183852826964
"ENSG00000132199",352.474465397626,0.738416403260033,0.211947055923766,3.48396631433101,0.000494041663809979,0.00597216309085266
"ENSG00000132256",560.036705411754,0.589294818816477,0.192118555396979,3.06734983301745,0.00215965942093862,0.0196725297987369
"ENSG00000132321",24.9710419794864,1.47640808861944,0.47511072695441,3.10750316685885,0.00188674963944238,0.017594200727063
"ENSG00000132326",92.5630942356967,1.12038326839821,0.371212442824555,3.01817272037871,0.00254303919681009,0.0224311264702019
"ENSG00000132334",80.1479432303314,-1.34996214199183,0.487427049267685,-2.7695675568683,0.00561307624447969,0.0409576058121928
"ENSG00000132356",2383.87708318029,-0.86564980523084,0.0910758922035455,-9.50470848307695,2.00609102729711e-21,7.03456636647487e-19
"ENSG00000132357",684.5441787171,-0.337643620983217,0.10168992961512,-3.32032505343592,0.000899126926394598,0.00972658552214412
"ENSG00000132361",892.814305572278,-0.481730203593889,0.134243589524029,-3.58847826776607,0.000332613712907563,0.00427949954768684
"ENSG00000132376",745.306100295453,-0.5359122090564,0.141649056896552,-3.78338000123632,0.000154712931726084,0.00225516849892492
"ENSG00000132406",406.827557856303,-0.351702264684057,0.116757590674728,-3.01224325246532,0.00259324701021964,0.0228014684703203
"ENSG00000132463",1686.26612263339,-0.343894468012343,0.0960218523697637,-3.5814188075446,0.000341733341879911,0.00438007873023321
"ENSG00000132518",5.65465445433956,-6.02601381823387,1.24832227908879,-4.82729013106501,1.38403417433582e-06,3.72247107525777e-05
"ENSG00000132530",533.314328470258,0.928745236245449,0.155858028345453,5.95891816485014,2.5391320218474e-09,1.35602783408143e-07
"ENSG00000132535",469.507179564352,0.316255670889158,0.111841330682751,2.82771734705346,0.0046881179236021,0.0358128611768044
"ENSG00000132589",2001.35542175143,-0.485272705977598,0.122194928944407,-3.97129987446841,7.14815340748066e-05,0.00116227848712186
"ENSG00000132612",899.790515701599,-0.430318518586622,0.0821652255858812,-5.23723406731041,1.63000917829054e-07,5.57895406602758e-06
"ENSG00000132613",1014.84926073027,-0.763694281472418,0.226942943137527,-3.3651378223716,0.000765054336480275,0.00856022567338105
"ENSG00000132622",65.549236530359,2.33337135914786,0.362709830507894,6.43316271819954,1.24975733333759e-10,9.03764203894129e-09
"ENSG00000132646",890.571957292777,0.650976432674972,0.159701478172039,4.07620793574438,4.57760878445062e-05,0.000792869145004798
"ENSG00000132740",291.157939520633,-0.617036668445428,0.147681853341431,-4.1781481914293,2.93892152515134e-05,0.000546198565449377
"ENSG00000132801",107.738669333832,0.575985357025469,0.192559790585843,2.99120265592881,0.00277881012604795,0.0240391982456801
"ENSG00000132824",6959.68325762154,-0.420604473014934,0.14644138980199,-2.87216936129636,0.00407664425280399,0.0321035734908314
"ENSG00000132854",6.00943529287507,3.37043148402917,1.11144334821765,3.03248158301015,0.00242551897765842,0.0216099090123594
"ENSG00000132965",12.5734550073765,-1.70582196902338,0.603311107992489,-2.82743338623332,0.00469227766835635,0.0358282582031236
"ENSG00000132970",1322.81532016482,-1.10253701156734,0.118148141430538,-9.33181849682798,1.04069778508116e-20,3.33471867857473e-18
"ENSG00000133059",1628.26393323251,0.448432072785884,0.140706560119452,3.18700188822177,0.0014375583636781,0.0142263163945461
"ENSG00000133069",144.074833768629,1.0483510719931,0.184972399637542,5.66760810827654,1.44804691225144e-08,6.50047146478091e-07
"ENSG00000133103",613.228071445756,0.573871300117342,0.144608054571559,3.96846013742176,7.23385547064728e-05,0.00117313441467696
"ENSG00000133104",2383.41498933369,-0.443272235721856,0.148739260829932,-2.98019657519136,0.00288063462052181,0.0246299114077556
"ENSG00000133106",214.978185691005,-0.666916690550221,0.205198726115553,-3.25010151463933,0.00115363819656814,0.0119311997124201
"ENSG00000133121",1017.50916672615,-0.661979958850681,0.165334937230254,-4.00387219991365,6.23140367337303e-05,0.00103310113532237
"ENSG00000133142",3055.97384805426,-1.54783863222908,0.156164970988923,-9.91156097572523,3.7080684091529e-23,1.4662649230661e-20
"ENSG00000133216",344.056124155505,1.74032085478907,0.377658489493903,4.60818676980163,4.06195717780357e-06,9.67839412172812e-05
"ENSG00000133401",90.8133389962091,-1.2402225024224,0.322289199512035,-3.84816650480428,0.000119005161344696,0.00178796355989585
"ENSG00000133466",266.89041196461,0.637893710806127,0.194279998279159,3.28337305155595,0.0010257283098774,0.0108683926106451
"ENSG00000133639",1327.66028445747,-0.446190707750237,0.133634220814769,-3.33889556903768,0.000841121789083656,0.00922093669183125
"ENSG00000133641",265.917126323902,-0.583939660417574,0.125616661693228,-4.64858445166796,3.3422077774226e-06,8.20540707310422e-05
"ENSG00000133789",3758.95983341924,-0.674298509460246,0.170112782563532,-3.9638321077278,7.37561341004722e-05,0.00119092767355107
"ENSG00000133794",278.096713359207,-0.725836374622136,0.166092377797641,-4.37007636501212,1.24203093231055e-05,0.000260532109221125
"ENSG00000133816",1756.1706924653,-1.11931469198199,0.269791471786678,-4.14881421035806,3.34201900608909e-05,0.000604206820551627
"ENSG00000133818",2959.45118375215,-0.643788357050927,0.183535609864504,-3.50770271516358,0.000451993840745734,0.00556311624520495
"ENSG00000133835",2500.1031647403,-0.250890612571722,0.0923985954161113,-2.71530764555296,0.00662142289477046,0.0466486521983734
"ENSG00000133858",2113.73001865011,-0.295825306374171,0.107712816797842,-2.7464262394083,0.00602484319753,0.0432824409600279
"ENSG00000133943",538.900980376931,0.884823350567309,0.154374264595937,5.73167653872405,9.94427744300593e-09,4.65527446544749e-07
"ENSG00000134046",1395.57679914023,-0.542238697350743,0.123948216634504,-4.37471963755384,1.21588646340235e-05,0.000255336157314494
"ENSG00000134056",286.610939387658,-0.543761910574612,0.119610922208681,-4.54608910736371,5.46519060409648e-06,0.000125706147743977
"ENSG00000134070",46.6671994824142,1.02833285054868,0.323131951227449,3.18239297179512,0.00146063489033008,0.0143781247016867
"ENSG00000134108",2366.08442200456,-0.275743895901822,0.0951682154283278,-2.8974368665081,0.00376225452671117,0.0301435784191961
"ENSG00000134138",699.826466470038,0.822678039593626,0.288386577981294,2.85269184631397,0.00433506365953954,0.0336960092482402
"ENSG00000134243",5510.95825597916,-2.2240182035679,0.267585258894744,-8.31143768066361,9.45494983840703e-17,1.77495194693732e-14
"ENSG00000134247",1274.2324200934,0.787096237623306,0.274704260289272,2.86524947517912,0.0041668083037951,0.0326338526447669
"ENSG00000134253",136.921586068676,1.96771790099234,0.211657942939057,9.29668820205304,1.44888348764579e-20,4.41434419965526e-18
"ENSG00000134259",45.1213416128722,1.35900468544193,0.448979278162029,3.02687618681477,0.002470951459183,0.0219360123481296
"ENSG00000134265",465.963382759497,-0.426297546779886,0.112222547820976,-3.79867998951459,0.000145468769914499,0.00213523081817185
"ENSG00000134294",20597.3546312134,-1.23273370465121,0.175754403333204,-7.01395630079396,2.31671782035504e-12,2.41888767928643e-10
"ENSG00000134318",4538.36898283538,-0.81210627434538,0.115156359921454,-7.05220514871523,1.76104301092011e-12,1.9028479277878e-10
"ENSG00000134321",5.49820466671876,3.61050221856551,1.31440479397961,2.74687237531599,0.00601665420298484,0.0432729079611903
"ENSG00000134324",4592.80856464864,-0.629623617236536,0.211292032046014,-2.97987392680961,0.00288367039556943,0.0246404663455898
"ENSG00000134333",14136.3284571406,-0.917424822081681,0.22723640499672,-4.03731445273888,5.40665766857543e-05,0.00091264970727043
"ENSG00000134363",2906.3410530882,1.78268017436936,0.314896449315844,5.66116314821102,1.50350399058818e-08,6.73316184700754e-07
"ENSG00000134371",939.668267626583,-0.309214006531785,0.0925886913436761,-3.33965198173097,0.000838834376428977,0.00920291433644187
"ENSG00000134376",6.52702839145316,2.00425277801061,0.737389492768948,2.71803815712712,0.00656702643557587,0.046370891453335
"ENSG00000134508",1062.20391289197,-0.842956052691405,0.220158426340635,-3.82886118284276,0.000128737592566435,0.00191867534711083
"ENSG00000134531",5535.39789350786,-0.971117868803232,0.155882686512326,-6.22979941217812,4.67032762764924e-10,2.99015072109564e-08
"ENSG00000134532",146.945243394969,-0.683875359492317,0.184692148876454,-3.70278522207124,0.000213245405748576,0.00294878412636702
"ENSG00000134684",1227.48943539205,0.745841754686108,0.122177591503907,6.10457077689451,1.03077307136362e-09,6.14003767028615e-08
"ENSG00000134686",2737.98198594824,-1.38714097803914,0.0915842458276541,-15.1460654122708,8.04403912787387e-52,3.7374616797884e-48
"ENSG00000134697",976.889013761479,-0.473298161170852,0.147510350731171,-3.20857593263684,0.00133394080277751,0.0133934574930416
"ENSG00000134744",846.845410692265,0.364473510082392,0.11977900166241,3.04288318506476,0.00234323275244692,0.0210087430482196
"ENSG00000134769",300.900994406711,0.894236309858328,0.174426355453305,5.12672702203951,2.94822500420865e-07,9.41686523911158e-06
"ENSG00000134780",128.71106911623,0.665832378672172,0.248019402971992,2.68459794150606,0.00726171034234891,0.0499847728565017
"ENSG00000134851",1896.08242386176,-0.611805639640127,0.117098038563121,-5.224730039439,1.74409377364022e-07,5.94751977671625e-06
"ENSG00000134853",16357.0643813987,-0.597519386040881,0.212398847049944,-2.81319505421035,0.00490518867793919,0.037038017963074
"ENSG00000134871",4201.99392576491,-0.898649104265356,0.197160257615068,-4.5579627209651,5.16522024095686e-06,0.000119397535047492
"ENSG00000134874",1606.48787114292,0.426819983875542,0.129717363731176,3.29038435255341,0.00100050618751406,0.0106392314831745
"ENSG00000134986",577.78114524031,0.598127933047678,0.175844839785407,3.40145285910923,0.000670286879668827,0.00767546620988611
"ENSG00000134987",1075.11623754845,0.727482431335919,0.155704654008251,4.6721945208996,2.97998530730593e-06,7.42399824883121e-05
"ENSG00000135018",2156.53255951164,-0.235397271086806,0.0870377109642197,-2.70454344994867,0.00683983239013052,0.047734992478624
"ENSG00000135048",940.087350917675,-0.900824402801018,0.189629188181494,-4.75045224545728,2.02962222430574e-06,5.2535555764237e-05
"ENSG00000135052",1979.36516159337,0.360057628995091,0.126266836643336,2.85156133286321,0.00435050924413024,0.0337698546761249
"ENSG00000135069",724.588192605061,1.26744542613467,0.29750654714486,4.26022700440786,2.04219382176204e-05,0.000398678279174869
"ENSG00000135070",761.621761859091,-0.537369951754843,0.103107539679065,-5.2117425498414,1.87075046133311e-07,6.33295033221781e-06
"ENSG00000135090",1359.76813190243,-0.364625277204907,0.090843596061571,-4.01376974286415,5.97566416662508e-05,0.000996927455446383
"ENSG00000135093",325.215636784664,0.40618351463652,0.129243221404781,3.142783893976,0.00167349342710265,0.0160236349009287
"ENSG00000135111",1793.56863519939,0.446663537123455,0.138465286523378,3.22581600297373,0.00125614082732946,0.0127500695116974
"ENSG00000135241",950.586651758721,-0.535319514546022,0.144447707171699,-3.70597446666086,0.000210579514615926,0.0029206121486097
"ENSG00000135272",1300.29681148524,-0.407311000136194,0.116280283124909,-3.5028380494968,0.000460329251704463,0.00564328439507088
"ENSG00000135315",326.011301219632,0.366427272181352,0.123701839140293,2.96218127982544,0.00305467878704499,0.0257232466049982
"ENSG00000135318",4217.57266752344,0.869929281805246,0.257441073105364,3.37913943300418,0.000727131193872308,0.00823057516397803
"ENSG00000135362",111.758709305623,-1.54123535298979,0.19822672189873,-7.77511396156353,7.53795136867862e-15,1.0533295202022e-12
"ENSG00000135414",535.904597144306,0.449432022216627,0.103493347081071,4.34261751979638,1.40795127732764e-05,0.00029041925071181
"ENSG00000135446",1024.26212930002,0.775545049228312,0.1619905336665,4.78759487776596,1.68791946330693e-06,4.45596352635785e-05
"ENSG00000135472",155.838486168483,1.63658858727725,0.360540314906123,4.53926653862101,5.64502428630713e-06,0.000129202926552978
"ENSG00000135503",738.189961774007,-0.330689085045552,0.0796712703096233,-4.15066916543954,3.31504647770962e-05,0.000603216133280332
"ENSG00000135541",434.657704877682,0.480705685502325,0.135366425207436,3.55114412429588,0.000383560316921272,0.00484600169271369
"ENSG00000135596",1341.49133159873,-0.435019205469663,0.117470428905741,-3.70322309641624,0.000212877518643337,0.00294588881905168
"ENSG00000135604",21.3324888502611,-2.47289579114594,0.588971136713951,-4.19867059181028,2.68486551157224e-05,0.000504532108519414
"ENSG00000135678",856.466552506197,-1.46480714440257,0.299329230372951,-4.8936321473766,9.89917907188222e-07,2.72961784942034e-05
"ENSG00000135679",2120.79747883821,0.581104937862509,0.100666332077567,5.77258479443499,7.80646370952084e-09,3.71056593456381e-07
"ENSG00000135723",340.494100877645,0.812126181007472,0.235137037444874,3.45384202264549,0.000552661015153232,0.00652139997880813
"ENSG00000135749",539.381076352646,0.600741063324761,0.137762912791036,4.36068787421756,1.29654203811379e-05,0.000271353983990368
"ENSG00000135776",303.027890941649,-0.36258025372302,0.109285459425326,-3.3177355489892,0.000907503610784531,0.00978871422311695
"ENSG00000135778",657.189884693314,0.410920845692339,0.138564591680132,2.96555448047596,0.00302137825903314,0.0255005971590058
"ENSG00000135801",321.063924390112,-0.428926687634947,0.152539000665338,-2.81191489234932,0.00492475320696739,0.0371197637237391
"ENSG00000135821",19611.1821813456,-3.00413324121313,0.268904803333491,-11.1717351418504,5.60746375706866e-29,4.73703245114187e-26
"ENSG00000135823",807.100639173888,-0.469165158175494,0.137808564918449,-3.40447024067866,0.000662925232481868,0.00760053389616009
"ENSG00000135847",682.002579681516,0.332778264849463,0.113881253332428,2.92215140869638,0.00347622506754616,0.0284481034259557
"ENSG00000135862",33937.8193999739,-0.804088924417281,0.09952337021246,-8.07939806199018,6.50872427565963e-16,1.04279862640633e-13
"ENSG00000135899",568.439016693007,-0.535555854258326,0.188514432431374,-2.84092760087898,0.00449825232295416,0.0346888047394618
"ENSG00000135917",50.6422476714868,-1.40455220391644,0.383132097370129,-3.66597372957651,0.000246399220850456,0.00334442532348495
"ENSG00000135926",5280.48516836083,-0.542962219601699,0.132915079108866,-4.08503100808434,4.40709308203799e-05,0.000769791587684926
"ENSG00000135956",2376.16286336711,-0.344517998475783,0.103785163014479,-3.31953034970635,0.000901690028583076,0.00973730922790033
"ENSG00000135976",398.126953518094,0.530987949336307,0.116040666796067,4.57587812959985,4.74226565384844e-06,0.000110444871148839
"ENSG00000136014",230.140354623131,-0.493765747646657,0.169735435194954,-2.90903161782057,0.00362550191646324,0.0293850645954947
"ENSG00000136051",2086.28381510815,-0.347277830452016,0.116685530755031,-2.97618589215736,0.00291857891874542,0.0248587484898642
"ENSG00000136052",348.23528761617,0.968081537466325,0.27816921111584,3.48018939113711,0.000501059445438726,0.00603511976246191
"ENSG00000136111",694.198213034381,-0.560126477474833,0.160482149805281,-3.49027276961615,0.000482527765813165,0.00586351611364684
"ENSG00000136141",516.220766107803,0.614921756879865,0.134356330577576,4.57679779014816,4.72147435238472e-06,0.000110098620877127
"ENSG00000136156",15036.7673621271,-0.518619521390756,0.150123679049174,-3.45461505257195,0.000551079031894307,0.00650686391852331
"ENSG00000136158",250.499987685126,-0.643276850613636,0.193879448077756,-3.31792181683768,0.00090689865459604,0.00978786962582311
"ENSG00000136193",4945.37509384949,-0.438919533072882,0.136693320203418,-3.2109801153393,0.00132283087949601,0.013289087511045
"ENSG00000136235",26386.2242999403,0.404220879312128,0.0771623356987513,5.23857754760357,1.61818979136353e-07,5.56507411202819e-06
"ENSG00000136237",98.5195560863611,-2.77731680624099,0.511142753330432,-5.43354432425177,5.52455525217228e-08,2.14798868957368e-06
"ENSG00000136238",4909.22784343331,-0.331060454502648,0.0739537753061313,-4.47658626124529,7.58460310932502e-06,0.000167609808307735
"ENSG00000136267",8.39945250963307,3.25773712292331,1.16445488150064,2.79764993446981,0.00514758695865906,0.0383916129871212
"ENSG00000136270",569.21255406903,-0.524192536499331,0.129921791221113,-4.03467756696188,5.46773282858391e-05,0.000921285717309447
"ENSG00000136295",2212.63724612279,0.736453433087011,0.219947960231544,3.34830762836687,0.000813067053359095,0.00898920356137941
"ENSG00000136367",52.3906758987279,0.672256196118018,0.248801447842271,2.70197863375859,0.00689281916439803,0.0480846583887027
"ENSG00000136378",1777.29651763299,-0.767122359413242,0.257171456539239,-2.98292185974455,0.00285510877394324,0.0244977823470615
"ENSG00000136379",506.021237219142,-0.60328627039469,0.140960491612678,-4.27982524388721,1.87040119754659e-05,0.000370957363195013
"ENSG00000136383",68.7862408212199,-3.03981012242731,0.528405901036695,-5.75279366953211,8.77805971135889e-09,4.16174080958176e-07
"ENSG00000136436",3129.16074209745,-1.15221193106702,0.180541711156914,-6.38197081263731,1.74823290113212e-10,1.20784046347734e-08
"ENSG00000136478",3701.52859767166,-1.48546165516913,0.215827456269249,-6.88263523486087,5.87553411852369e-12,5.59983597911604e-10
"ENSG00000136546",4991.26837107808,-1.42658711130412,0.383392933889676,-3.72095306199521,0.000198472329054138,0.0027754764751476
"ENSG00000136560",1185.72504564015,-0.536479560617048,0.0962664174215387,-5.57286305013171,2.50586557560593e-08,1.05844344824173e-06
"ENSG00000136720",1470.32619798526,-0.512596010534329,0.16100495810062,-3.18372810739147,0.00145391507776368,0.0143195610600095
"ENSG00000136783",283.352922452074,-0.515915214053921,0.14284103868553,-3.61181365524602,0.000304063031510015,0.00398277279183281
"ENSG00000136827",967.772343343443,-0.257612496925431,0.0957735309240033,-2.68980891108471,0.00714929439858468,0.0494569183829985
"ENSG00000136830",17998.6640875342,-0.663775970497224,0.115854705856041,-5.72938289897366,1.00796642611076e-08,4.70679799730364e-07
"ENSG00000136859",6422.25233370657,0.875024875177639,0.138352463750655,6.324606381818,2.53878898699919e-10,1.70337160012202e-08
"ENSG00000136868",1056.67394754064,-0.419397229741288,0.147235595003432,-2.84847716159609,0.00439290061747764,0.034031704033273
"ENSG00000136877",1049.27391437812,-0.635328656609861,0.0811661190000738,-7.82751059723926,4.97624709754488e-15,7.03947680060542e-13
"ENSG00000136925",298.983376780218,0.377555641574009,0.117580568553152,3.21103772689563,0.00132256570238124,0.013289087511045
"ENSG00000136986",1285.15284607618,-0.315671853254808,0.101767934979726,-3.10187932296841,0.00192296331568762,0.01784237305145
"ENSG00000136997",743.819484434775,-0.847903849870173,0.128974492114688,-6.57419801363661,4.891609889767e-11,3.88506708552648e-09
"ENSG00000136999",435.712716722131,2.5796312670249,0.33258988276868,7.75619283891165,8.75169171089077e-15,1.20481622553263e-12
"ENSG00000137076",19706.8639767653,-0.563513480810229,0.110069820336088,-5.11960025999488,3.06183958847817e-07,9.72722884647295e-06
"ENSG00000137124",672.018140520954,-0.997069025454215,0.262452062796495,-3.79905196716759,0.000145250636597233,0.00213523081817185
"ENSG00000137193",745.563889078911,0.842255733921352,0.232549476277867,3.62183457646219,0.000292521163018557,0.0038638989443496
"ENSG00000137266",141.425808075386,1.37799917270299,0.223744280864445,6.15881294207404,7.32922353309666e-10,4.510384747106e-08
"ENSG00000137269",99.5920135559072,-0.692841989659784,0.198329857354991,-3.49338218107858,0.000476943391789655,0.00581245438453163
"ENSG00000137273",2260.3040754943,0.71988504733382,0.191335066638902,3.76243131998603,0.000168269525396568,0.00240560702268863
"ENSG00000137309",3240.75347802107,0.474406974015132,0.141861375918434,3.34415883776498,0.000825324696657743,0.00909766280390519
"ENSG00000137331",136.253161853704,1.24076199489356,0.408959970821847,3.03394484403968,0.00241378555994458,0.0215466881035399
"ENSG00000137343",159.982594840016,0.788877270181114,0.152846043841049,5.16125409828402,2.45300953138922e-07,8.01215854848307e-06
"ENSG00000137393",158.284949779487,-2.1749258416287,0.362678522460305,-5.99684212584368,2.01191481756509e-09,1.10953818648211e-07
"ENSG00000137500",877.922389404443,0.26069225939172,0.0881074816999386,2.95879821284123,0.00308841259540287,0.0259613051124392
"ENSG00000137547",359.45362030774,-0.38498888486769,0.142762719915139,-2.69670460955448,0.00700293603856508,0.048690447540865
"ENSG00000137642",14.7517004915548,1.66687215149467,0.549447790114232,3.03372255105097,0.00241556470241992,0.02155221795222
"ENSG00000137672",655.449436784439,-1.95878946201293,0.223909167287032,-8.74814321247475,2.16891898809518e-18,4.85654932454807e-16
"ENSG00000137673",5.10293849889173,-5.15207838407852,1.37350846420905,-3.75103504516472,0.000176106080321871,0.00250206561949367
"ENSG00000137693",4152.95194410002,-0.351008668681134,0.103072193693021,-3.40546422953354,0.000660516660239017,0.00757759390774206
"ENSG00000137767",879.787346655915,-1.03090251278918,0.165766258027321,-6.21901299490797,5.00291876825478e-10,3.15183882400051e-08
"ENSG00000137801",90563.5148165434,-1.95864588800145,0.290706259265385,-6.73754288246474,1.61087408156521e-11,1.43933148105238e-09
"ENSG00000137821",247.054830817447,0.645896807633835,0.188555781436769,3.42549458156198,0.000613681174671587,0.00711494986355049
"ENSG00000137869",63.2498899210653,-1.14408318769316,0.343780995362478,-3.32794192560544,0.000874901026577508,0.0095255041470082
"ENSG00000137872",288.772414254897,1.32592578205461,0.245495665887604,5.4010150332416,6.62648717051439e-08,2.51333191967367e-06
"ENSG00000137880",101.962962445237,-1.34634456443474,0.242215748061816,-5.55845181499568,2.7217807390224e-08,1.13928592420566e-06
"ENSG00000137959",102.244983985296,-1.73367990020051,0.370161926792325,-4.68357163370064,2.81918866528602e-06,7.07079910180037e-05
"ENSG00000137962",4500.60695160733,-1.2013403374335,0.283886823160759,-4.23175800855401,2.31871807257708e-05,0.000447026715548185
"ENSG00000137965",215.395999653605,0.842150695039052,0.170490506307557,4.93957530702531,7.8292902911176e-07,2.2282903531458e-05
"ENSG00000138002",543.006926856298,0.357569484894314,0.110379989928762,3.23944118064412,0.00119764165559277,0.01227698299459
"ENSG00000138032",835.441638796731,-0.794235285332939,0.204987141004371,-3.87456150391406,0.000106816864042634,0.00164065406465484
"ENSG00000138071",5185.39314988207,-0.289397228964766,0.103488551139243,-2.79641782379757,0.00516725497518655,0.0384749333789432
"ENSG00000138073",1697.49198137076,-1.12098090435887,0.217660063366862,-5.15014507952925,2.60285042000122e-07,8.47179948436474e-06
"ENSG00000138074",435.942592797619,-1.21160723411773,0.180886097878326,-6.69817773908045,2.11034497143786e-11,1.80740835457017e-09
"ENSG00000138078",1200.08214973285,0.665141141954244,0.0927313163531676,7.17277795799913,7.34909984623119e-13,8.64449497735485e-11
"ENSG00000138101",89.797038098383,0.56074624734331,0.20506381137,2.73449636772598,0.00624757846687943,0.0446067021924526
"ENSG00000138135",37.8400888854461,1.55905849501288,0.369025582432622,4.22479787101898,2.39155333759298e-05,0.000459163417140139
"ENSG00000138160",155.127137823568,0.582200379249047,0.210814180234536,2.76167560740617,0.00575055824413771,0.0416988392381192
"ENSG00000138166",402.172984276172,-1.2778084466051,0.251941399221785,-5.07184786046313,3.93971306482913e-07,1.21024078198098e-05
"ENSG00000138311",109.655568696272,1.01044752413556,0.255604487187192,3.95316817499984,7.712319095083e-05,0.00123563319294929
"ENSG00000138316",799.568584106461,2.40938630760907,0.305063267876392,7.8979889135172,2.83439352808907e-15,4.31780358356847e-13
"ENSG00000138356",4456.81245345477,-1.45507329172311,0.313034086395335,-4.64829025004476,3.34697729147412e-06,8.20627611636497e-05
"ENSG00000138375",610.508835082587,0.281556810806375,0.0844944365361113,3.33225265886048,0.000861460079914047,0.00940671891022477
"ENSG00000138380",237.04105522242,0.575948017220018,0.160563981739473,3.58703123191437,0.000334464276271054,0.00429579721803561
"ENSG00000138382",341.468285249803,-0.454111053401517,0.154669228155074,-2.93601422091677,0.00332459080948275,0.0275345455411038
"ENSG00000138385",1817.38844548674,-0.824371472459205,0.212209757810138,-3.8847010663702,0.00010245587222927,0.00158282825052451
"ENSG00000138400",22.9389456601657,0.981911314576421,0.358524876381709,2.73875365214829,0.00616725658368772,0.0441519505423098
"ENSG00000138459",887.883582292793,-0.313006613997699,0.101458877386314,-3.08505891313874,0.00203511837516209,0.0187892076514592
"ENSG00000138468",328.207457527572,0.752321827988742,0.146613446343699,5.13132899301137,2.87703537415692e-07,9.21891421184593e-06
"ENSG00000138483",4.87042376809505,-3.67454847022459,1.01454768802699,-3.62185879834843,0.000292493768749651,0.0038638989443496
"ENSG00000138587",72.5729373702278,0.640172581252072,0.231478990826294,2.76557530757713,0.00568224832612146,0.0413001897305308
"ENSG00000138604",1443.51596046545,-0.919597035508013,0.17218703254108,-5.34068693755216,9.25950395909393e-08,3.38090139645895e-06
"ENSG00000138615",840.380551881747,-1.3690599415119,0.325387050981698,-4.20748132841005,2.58232732299302e-05,0.000487234043632745
"ENSG00000138658",64.105512894453,0.976962150820669,0.215580426484075,4.53177575883884,5.84899202100052e-06,0.000132565264280847
"ENSG00000138669",239.22106335673,1.6372976777377,0.393627515437523,4.15951023118346,3.18930735427957e-05,0.000583973174180156
"ENSG00000138678",118.0698543624,-1.16003261967646,0.198311113274338,-5.84955931376223,4.9287710370199e-09,2.44269892594706e-07
"ENSG00000138686",639.791099226706,-0.484454882196825,0.115061268329925,-4.2104079785363,2.54909938602259e-05,0.000481943154519124
"ENSG00000138696",44.4097751506205,-0.889306923385988,0.253707921279222,-3.50523909108557,0.000456197398091626,0.0056074263515429
"ENSG00000138735",6850.26951693182,1.16618269019703,0.229485599834887,5.08172491448738,3.74022801869904e-07,1.15686470918782e-05
"ENSG00000138802",1234.2776968396,-0.49334459588085,0.120402110952356,-4.09747463710224,4.17681915488679e-05,0.000735793213209204
"ENSG00000138829",15701.2752863824,-2.07370706759559,0.67079749781148,-3.09140549027268,0.00199211387256044,0.0184287886120138
"ENSG00000139055",17.49711290331,-2.06270746577734,0.715449966446815,-2.88309114894714,0.0039379347509545,0.0313164387447537
"ENSG00000139132",1223.46614081102,-2.2539149350255,0.205632039412754,-10.9609131994326,5.89019758302218e-28,4.0544193363136e-25
"ENSG00000139154",655.645979273712,0.266398543987021,0.0956159180324734,2.78613173903268,0.00533411885687821,0.0394487063092246
"ENSG00000139173",173.273714717934,0.629776869655956,0.14455067546808,4.35678953153716,1.31984068949603e-05,0.000274991471012149
"ENSG00000139220",64.4287170234692,-0.992127573904947,0.333170822351164,-2.97783451414973,0.00290292674625303,0.0247708418636881
"ENSG00000139269",16.8065994873514,1.85151087393127,0.421969157835067,4.38778721039833,1.14509725307348e-05,0.000242663995990543
"ENSG00000139289",1975.8673223812,0.991154139443595,0.0983188064431171,10.0810229019311,6.70246878843591e-24,2.83103141893367e-21
"ENSG00000139291",526.020604939608,-0.702262234208847,0.154816731823015,-4.53608744958953,5.73074254798123e-06,0.000130682024851817
"ENSG00000139329",13692.8259397137,0.858369149907075,0.29286701549288,2.93091780398173,0.00337962190865129,0.0278785056246268
"ENSG00000139354",124.248595580077,1.12942393356699,0.244318533926324,4.62275176351368,3.78682783164259e-06,9.14018685856716e-05
"ENSG00000139410",64.0240004812187,0.830008264569823,0.254654938577369,3.25934485781689,0.00111669837279766,0.0116333179699801
"ENSG00000139436",935.855154027469,-0.514830277696027,0.12737563400131,-4.04182700822302,5.30363542879366e-05,0.000898523832672107
"ENSG00000139437",395.949232751217,-0.375185257060624,0.1208484206788,-3.10459379570892,0.00190540503388086,0.0177059762773379
"ENSG00000139567",871.096694833981,-0.851601875207979,0.172072843002252,-4.94907772981256,7.45659657519651e-07,2.13859332330289e-05
"ENSG00000139624",670.354005498229,-0.473686514449596,0.109793031434109,-4.31435864610291,1.60066911343331e-05,0.000324057031298018
"ENSG00000139644",10990.0802883539,-0.307767078890247,0.104402179563835,-2.94789898233943,0.00319941594417593,0.0266641907275828
"ENSG00000139687",1188.60705079914,-0.321907971791598,0.0835155290376262,-3.85446845037129,0.000115981337919871,0.00174960484191623
"ENSG00000139793",1671.81267973834,-0.5119577429282,0.126227715571483,-4.05582673036871,4.99572842972179e-05,0.00085414547255179
"ENSG00000139880",158.634803372954,0.752786545249062,0.203370746243569,3.70154783396173,0.000214288247073581,0.00296100154041821
"ENSG00000139910",307.419212023495,0.606275615848203,0.189068790312419,3.20664037066291,0.00134294767673768,0.0134620725847734
"ENSG00000139946",386.865775766988,0.669557364724863,0.160747571517072,4.16527203743014,3.10981524779107e-05,0.000570542116290197
"ENSG00000140092",9406.33822810363,-0.325107135818883,0.104537155160622,-3.1099673156339,0.00187108046859411,0.0175085069491706
"ENSG00000140105",2493.98511104818,1.33459486972888,0.223920894691685,5.96011761906575,2.52056445326777e-09,1.3499910767718e-07
"ENSG00000140265",499.75469569812,0.278612403468962,0.100869115052148,2.76211805095071,0.00574277101947441,0.0416586258379906
"ENSG00000140299",1709.8147878294,-0.285074756157216,0.0954264751252017,-2.98737594344956,0.00281383468794638,0.0242443753711097
"ENSG00000140332",447.23544700882,0.437412678618693,0.148107438646038,2.95334712839147,0.00314348260406987,0.0262923601244998
"ENSG00000140374",1284.83561830315,-0.315809989542393,0.0981539872932741,-3.21749526688901,0.00129315160616885,0.0130615340220913
"ENSG00000140443",4564.24397435013,-0.562996775402964,0.113963389593201,-4.94015470593333,7.80606115387732e-07,2.22508660344801e-05
"ENSG00000140450",1269.75422771191,0.727749527519226,0.122050980344968,5.9626684313579,2.48151642815138e-09,1.3329185785316e-07
"ENSG00000140455",252.635746786853,0.495610837119709,0.117073978669678,4.23331335238948,2.30273303215539e-05,0.000445123964025318
"ENSG00000140497",1317.84994533705,-0.311101560228215,0.0952584816044474,-3.26586730114004,0.00109129375766052,0.0114327477373849
"ENSG00000140511",146.448873946327,-1.3410039313463,0.383715655117982,-3.49478556180874,0.00047444277372119,0.00578957252108229
"ENSG00000140545",9199.62673062643,-1.09382327259948,0.169975126012351,-6.43519612699092,1.23313997705261e-10,8.95230721621986e-09
"ENSG00000140564",2480.850853577,-0.4946932065279,0.130878703770294,-3.77978381720633,0.000156964582257554,0.00227345849162684
"ENSG00000140600",11.2052805172293,2.77328569224653,0.774400048418795,3.58120547372014,0.000342012540607709,0.00438063615933444
"ENSG00000140682",1826.94963082244,-0.622889596300665,0.124041821099975,-5.02160957310218,5.12402585614508e-07,1.54594189182559e-05
"ENSG00000140807",96.2206654269905,-2.51058829298413,0.379087604988346,-6.62271269212643,3.52666077529216e-11,2.92602636200022e-09
"ENSG00000140995",1000.77626689966,-0.246568399107954,0.0893219998287466,-2.76044423076833,0.00577228123459275,0.0418400338318667
"ENSG00000141150",151.081935316277,-1.57176559356925,0.303883436929939,-5.17226476522846,2.3127356081561e-07,7.59402672748783e-06
"ENSG00000141298",2049.47544455989,-1.21736960234316,0.186869902838319,-6.51453007602001,7.29175713103968e-11,5.53131862368867e-09
"ENSG00000141401",627.527233035192,-2.35552276529664,0.233148534103287,-10.1030991867747,5.35234196689479e-24,2.36841132035094e-21
"ENSG00000141452",296.434702514611,-0.527671238117712,0.149092158889923,-3.5392286358084,0.000401298121849577,0.00502907996936911
"ENSG00000141458",936.347762027973,-0.859587287056925,0.189644173616934,-4.53263219566779,5.82531964880519e-06,0.000132351547277561
"ENSG00000141469",53.4365283575179,3.86508550126859,1.01333212253003,3.81423367061381,0.00013660616768205,0.00202296862659035
"ENSG00000141522",2530.32392391051,-0.456595922665416,0.0973162431631757,-4.69187781838039,2.70708788100219e-06,6.8264895886602e-05
"ENSG00000141574",628.619794011233,0.688132664388366,0.136046849402878,5.0580565989484,4.23550736827607e-07,1.29468592827978e-05
"ENSG00000141867",1490.7226790944,-0.466774921571572,0.118027850617185,-3.95478625706337,7.66031048243155e-05,0.00122835953680751
"ENSG00000142002",1297.46586457429,-0.446043076041442,0.108685843602561,-4.10396663683744,4.06126057069195e-05,0.0007181591599078
"ENSG00000142102",601.69064653268,-0.45803707949108,0.159936828642169,-2.86386245982067,0.0041850969103419,0.0327494846647175
"ENSG00000142227",2282.8695838963,0.599323809624173,0.13533092312876,4.42857992665837,9.48555670509576e-06,0.000205225927082893
"ENSG00000142279",532.104273804327,-0.656569240223053,0.165965690263426,-3.95605404454936,7.61979297947203e-05,0.0012229175520163
"ENSG00000142327",960.811915585586,-0.605745904115508,0.0942708171029263,-6.42559301734009,1.31356411924837e-10,9.38945736778117e-09
"ENSG00000142459",569.959854040215,0.366993021033941,0.101802471007714,3.60495199577359,0.000312210632426102,0.00405550131307235
"ENSG00000142634",562.850530168129,-0.42189661133295,0.15333287634371,-2.75150783963139,0.00593215999020202,0.0427819920131566
"ENSG00000142794",969.763463627553,-0.448751472585045,0.141707564364904,-3.16674324759041,0.00154156358979374,0.0150235759393375
"ENSG00000142864",5386.57872036046,-0.434791176820622,0.110938175100139,-3.9192205607146,8.88357920287117e-05,0.00140153921464653
"ENSG00000142871",5220.28645755339,-1.81851276637357,0.339280836338143,-5.3599041608149,8.32661131490949e-08,3.07654217271556e-06
"ENSG00000142875",1011.1632525979,0.591361150643565,0.116545616096896,5.07407460227341,3.89386279762455e-07,1.200123384641e-05
"ENSG00000143013",1508.68229966748,0.379571593659118,0.117274120136545,3.23661855844387,0.00120954970590353,0.0123785689891063
"ENSG00000143067",220.893028263847,0.721947736543554,0.235622952104533,3.06399580386916,0.00218401973418938,0.0198484140635255
"ENSG00000143106",1041.72800442107,-0.463632043427485,0.101546381565386,-4.56571702782881,4.97789886479395e-06,0.000115642813002744
"ENSG00000143127",265.813854593428,-3.72784437799954,0.77103377530705,-4.8348652126361,1.33235881806649e-06,3.58867951213997e-05
"ENSG00000143226",21.5687267911938,1.24978968136559,0.421910075510478,2.96221814530843,0.00305431304581877,0.0257232466049982
"ENSG00000143320",1492.12556609689,1.67067802257625,0.195673178429591,8.53810438397623,1.36441639213086e-17,2.75626941823391e-15
"ENSG00000143322",1137.68077678878,-0.531692170129961,0.111520837579269,-4.76764864460449,1.86388469790168e-06,4.87205303945186e-05
"ENSG00000143344",1077.62700223375,1.06919830908637,0.154816643275617,6.90622330044254,4.97726320079387e-12,4.89430881411397e-10
"ENSG00000143382",3069.10125529672,-0.886023371598944,0.318661149093536,-2.78045621224717,0.0054282579769307,0.0400177265116185
"ENSG00000143384",5933.54041739554,-0.594880607699963,0.1104939801992,-5.38382821061836,7.2918100342174e-08,2.73774322193799e-06
"ENSG00000143398",1261.35789339101,-0.38618260526554,0.113259580205601,-3.40971249023262,0.000650313960731728,0.00749292309993749
"ENSG00000143416",1363.98756964213,0.626550783496727,0.209576607927273,2.98960265505467,0.00279340565036565,0.0241354923347492
"ENSG00000143434",183.22127702874,-0.859258909991925,0.256984809859056,-3.34361750977884,0.000826936639307713,0.00911002812183394
"ENSG00000143466",184.952135221006,0.446379457061304,0.165211413316643,2.70186815850171,0.00689510974473461,0.0480846583887027
"ENSG00000143493",314.244499257913,0.56992989367289,0.178318901966342,3.19612720462167,0.00139285690005827,0.0138577331303977
"ENSG00000143494",18.9609226599384,3.94191458656024,0.599862541844461,6.5713631233576,4.98567054429272e-11,3.94292285385873e-09
"ENSG00000143507",318.948951565759,1.1761484956405,0.199695696922475,5.88970375309139,3.86888532362173e-09,1.96456922785546e-07
"ENSG00000143549",4069.84150727786,-0.368830709584845,0.101819146375514,-3.62241015284669,0.000291870851941878,0.00386079699881836
"ENSG00000143570",2223.6152525423,-0.317517482749138,0.065820450274271,-4.82399438815834,1.40711377848807e-06,3.77362331503619e-05
"ENSG00000143702",2135.65932940291,0.469723785352107,0.137452174233254,3.41736162394198,0.000632312288131471,0.00730816161375832
"ENSG00000143740",510.374491349128,0.440265036393927,0.0943724882602497,4.6651841496413,3.08340779250711e-06,7.65088569075363e-05
"ENSG00000143748",245.168704368301,0.371618665658295,0.131861602334471,2.81824776188957,0.00482865337994794,0.0366287849250337
"ENSG00000143753",2492.34904148346,-0.394693084625181,0.125044126975229,-3.15643040719033,0.00159712994608787,0.0154415031168593
"ENSG00000143761",5711.22513701889,-0.313668685320619,0.0755456594239486,-4.15204113263963,3.29523015016857e-05,0.00060099953229522
"ENSG00000143771",1080.80302286244,-0.506636723266662,0.117046833979627,-4.32849574858936,1.50131230429741e-05,0.00030661416676228
"ENSG00000143772",1242.3096655011,0.860529390511117,0.270930080616092,3.17620468186583,0.00149215629186816,0.0146187267708855
"ENSG00000143786",77.7765759900729,1.51648935608604,0.223700326801176,6.7791110445444,1.20917565466461e-11,1.09622095326545e-09
"ENSG00000143811",299.697973829178,-0.39278016150153,0.110078825523208,-3.56817180447405,0.000359480770774964,0.00457326722843719
"ENSG00000143862",496.153145930915,-0.376197322504514,0.110840967651388,-3.39402777218361,0.000688727076909069,0.00786457275089821
"ENSG00000143869",99.0938255643294,-1.94962618034384,0.394750910814749,-4.93887696502053,7.85737656672056e-07,2.23286457939605e-05
"ENSG00000143878",3314.35130573517,-1.19920509051275,0.174731479121611,-6.863131340393,6.73672339506602e-12,6.32333355036878e-10
"ENSG00000143891",528.391197527252,1.1120427916222,0.143348924448733,7.75759424703539,8.65555524522196e-15,1.2004738375556e-12
"ENSG00000144036",1481.15145384855,0.323831689127748,0.083130582997119,3.89545793440389,9.80133724104868e-05,0.00152305896843553
"ENSG00000144118",1104.3847495222,-0.267798490301069,0.0899554312513056,-2.97701302273711,0.00291071646071053,0.024803147832327
"ENSG00000144120",61.9845578767272,0.738326664418457,0.230574837550536,3.20211291163389,0.00136423513050464,0.0136386820335819
"ENSG00000144136",692.534866798658,0.501504282850921,0.127670531165991,3.92811307567045,8.56149571262031e-05,0.00135763991313181
"ENSG00000144228",404.450994778148,-0.504357503162514,0.10543375969475,-4.78364334746974,1.72146021708366e-06,4.52522463005656e-05
"ENSG00000144233",642.767275151236,-0.334290727515513,0.0898322995385285,-3.72127541243824,0.000198219109305135,0.0027744578666975
"ENSG00000144306",475.303198382865,0.298411388093525,0.0992269441936099,3.00736247113758,0.00263525335223308,0.0230910813537255
"ENSG00000144357",1161.74036914889,-0.275852306208714,0.102572758231177,-2.68933302531459,0.00715949544756671,0.0494643951275194
"ENSG00000144362",62.3746227709106,-1.4510738719921,0.338345446875005,-4.28873473958161,1.79693821586352e-05,0.00035909781442821
"ENSG00000144369",1303.27274542406,1.35032372283274,0.116074194953332,11.6332809663306,2.79157533318235e-31,2.88230153151077e-28
"ENSG00000144648",25.4179174064972,-2.20833858915398,0.68354947672334,-3.23069311637814,0.00123490450480261,0.0125895228863173
"ENSG00000144724",3000.69069923159,-0.925369668084699,0.169379182637937,-5.46330224100066,4.67357867782599e-08,1.8599241911648e-06
"ENSG00000144744",961.776472626349,-0.320488513595715,0.100600666517212,-3.18574940595331,0.00144379597332374,0.0142599071150788
"ENSG00000144746",5729.49372963527,-0.502295109936867,0.0894090809160938,-5.61794288443975,1.93244352674632e-08,8.45046186931303e-07
"ENSG00000144747",1055.20443797012,-0.318512986959327,0.0816010645848464,-3.90329450454836,9.48921207925001e-05,0.00148323806974652
"ENSG00000144802",379.614451040145,-0.547701941058354,0.195469333025382,-2.80198398685504,0.00507893945539857,0.0380306566392355
"ENSG00000144824",1775.82676904464,0.378839778570688,0.137998683984553,2.74524196631537,0.00604662970840239,0.0433936200857139
"ENSG00000144827",330.844033459377,0.628507394311524,0.124550426497074,5.04620828678003,4.50664106774786e-07,1.37080072412592e-05
"ENSG00000144891",117.660308059197,-1.22745539856973,0.442997077556986,-2.77079795952341,0.00559191122978823,0.0408512854581817
"ENSG00000144895",1224.00696953941,0.192201081047212,0.0712171264516739,2.69880421498942,0.00695891027122171,0.0484205718422521
"ENSG00000145014",277.798565594268,0.429017560364778,0.159260494820994,2.69381029392749,0.00706403582874405,0.0490052653517014
"ENSG00000145016",399.157442558419,-0.418520390632465,0.116097391451605,-3.60490778819025,0.000312263781490801,0.00405550131307235
"ENSG00000145041",577.755572447119,-0.350962691187579,0.114116293355036,-3.07548274544522,0.00210162088225417,0.0192882094304661
"ENSG00000145242",26.3220865807901,1.4935916298195,0.426339885139631,3.50328853077008,0.000459551385666435,0.0056374669984229
"ENSG00000145244",167.01361710736,-1.95569555257334,0.291560439032359,-6.70768489395877,1.97736338794693e-11,1.71725694228942e-09
"ENSG00000145362",1979.7948623473,0.999498286900857,0.185705730991366,5.38216177586532,7.3596574667838e-08,2.75209726398746e-06
"ENSG00000145386",171.655368810212,-0.984221521051579,0.268696409537871,-3.66295002878652,0.00024932719198372,0.00337736578937131
"ENSG00000145390",8442.05371962528,-2.30681438364585,0.590778391538079,-3.90470338232939,9.43410242563786e-05,0.00147586526582895
"ENSG00000145431",1011.11729544599,0.748821632325707,0.188877917837961,3.96458008907173,7.35252588991622e-05,0.00118899313474584
"ENSG00000145506",157.505016362646,-1.37722623182096,0.481805207245662,-2.85847103997517,0.00425687963309725,0.033227260806851
"ENSG00000145569",20.5334762848359,-2.41972027417827,0.656851131871525,-3.68381838253657,0.000229765978730979,0.00314447769861211
"ENSG00000145604",618.773243803063,-0.936862576895761,0.221660460035039,-4.22656605850077,2.37284634714237e-05,0.000456042909634343
"ENSG00000145632",523.67753307386,1.02915669011499,0.253040405849433,4.06716345028063,4.75888650990681e-05,0.000820444395052116
"ENSG00000145675",3495.18501005827,-1.62869677543932,0.283223980224912,-5.75056100174129,8.89478021863007e-09,4.20634835529873e-07
"ENSG00000145685",2018.16368824202,1.24346121427313,0.152797404611087,8.13797339973212,4.01949122837734e-16,6.72993193508044e-14
"ENSG00000145687",731.427792572339,0.701617971404689,0.148696542701102,4.71845517494665,2.3764231510848e-06,6.06673410204823e-05
"ENSG00000145777",152.372544224853,2.7865863480639,0.261723972553855,10.6470428401071,1.79992202324435e-26,1.04536096256238e-23
"ENSG00000145861",91.5670039512737,1.02279010216501,0.326420656371933,3.13334981166024,0.00172823338091771,0.0164376752222905
"ENSG00000145901",2570.81371839538,-0.570429877680059,0.135420910715525,-4.21227323510139,2.52813468128136e-05,0.000479932411150297
"ENSG00000145907",2892.17126188813,-0.296851240856733,0.104371531371891,-2.84417826350569,0.0044526128800719,0.0344082371626346
"ENSG00000145911",65.4293136547963,1.34879423934993,0.341919059984622,3.94477640237603,7.98744742503619e-05,0.00127422069007981
"ENSG00000145990",152.739421188504,-0.827303913906703,0.273080304798944,-3.0295261114338,0.00244937729683827,0.0217702903212526
"ENSG00000146006",46.8075965458274,4.12380373137487,0.463508680153011,8.89692881266762,5.74133002402595e-19,1.36798228841695e-16
"ENSG00000146122",1942.41443351691,-1.65310756698449,0.257171213228543,-6.42804280553517,1.29257347152191e-10,9.2750880186234e-09
"ENSG00000146143",378.677546252167,0.430218201149311,0.146603444137235,2.93457090098501,0.00334009234905685,0.0276506086000987
"ENSG00000146242",1777.77337699759,0.444507881019117,0.148792494968155,2.98743482400945,0.00281329273485659,0.0242443753711097
"ENSG00000146247",1489.34610125088,0.458854950795259,0.104051354773476,4.40988924934427,1.03423499110989e-05,0.000221443056564254
"ENSG00000146250",313.689977800113,2.7313746192287,0.3463765039995,7.88556552679058,3.13114232174666e-15,4.69292581045658e-13
"ENSG00000146278",2230.90736962271,-0.463808984105915,0.137517878299091,-3.37271771381731,0.000744302174609175,0.00837847117814144
"ENSG00000146281",409.852222743779,-0.585691504997223,0.134754607577517,-4.34635605806879,1.38417813449887e-05,0.000285832784774017
"ENSG00000146373",818.987563806969,-1.08987443150923,0.154477261357731,-7.05524180018541,1.72300840273169e-12,1.88365359792756e-10
"ENSG00000146409",175.221142735161,0.734147433023701,0.184932454555595,3.96981392361825,7.19287825843861e-05,0.00116750779417538
"ENSG00000146411",762.966844324659,0.927017897464729,0.189024838061122,4.904212097063,9.38030913147978e-07,2.6215495520083e-05
"ENSG00000146416",614.849091293071,0.395993758528937,0.134051287630542,2.95404666026285,0.00313636580903,0.0262604141498192
"ENSG00000146433",1580.4195470062,-0.287329895821252,0.085697396030715,-3.35284278320744,0.000799861270728205,0.00886958336305709
"ENSG00000146535",2944.67378629676,-0.375892782908588,0.112983705022628,-3.32696456390154,0.000877975375980752,0.00954432577022014
"ENSG00000146592",669.401293086846,1.99489038122359,0.221555860756275,9.00400636848008,2.17627522079122e-19,5.69663027864858e-17
"ENSG00000146966",2650.69272130896,-0.429273229761158,0.128071746443535,-3.35181834933763,0.000802826767011871,0.00889185665370419
"ENSG00000147027",12593.3295910107,-1.14921725238278,0.266988506835831,-4.30436974985379,1.67461779533984e-05,0.000337557177075823
"ENSG00000147100",1313.5809520324,0.47345161626136,0.0830827581141982,5.69855439332666,1.20827584304033e-08,5.51739718498884e-07
"ENSG00000147119",453.232746335031,-1.54884239528621,0.21072259898873,-7.35014850196036,1.97986765943902e-13,2.45305603004494e-11
"ENSG00000147130",1009.89230774178,0.585736812791252,0.0965708601143044,6.06535772900806,1.31660272505426e-09,7.64658176410419e-08
"ENSG00000147140",4204.86123824425,0.405149574477735,0.0880612895999295,4.60076812772521,4.20935795810291e-06,9.95364892572412e-05
"ENSG00000147202",1230.12257039951,-0.687308252871081,0.193612373600766,-3.54991904746919,0.000385349628474338,0.0048653008459209
"ENSG00000147274",2945.34576060459,0.471645166412695,0.136487175964523,3.45560059455907,0.000549068265813167,0.00648724330587267
"ENSG00000147324",449.846712374942,-0.444025370235717,0.13168547810381,-3.37186284037852,0.000746616206799651,0.00839943232649607
"ENSG00000147437",98.8004083730938,-0.702943193928067,0.222450572827215,-3.15999722991978,0.00157770638866688,0.0152796629668442
"ENSG00000147459",1154.5131771835,-0.75564745275815,0.18987579025097,-3.97969352364177,6.90041684377629e-05,0.00113090164939667
"ENSG00000147475",1664.39716221298,0.406698245386744,0.117461003239736,3.4624107931096,0.000535359352947325,0.00635354634388636
"ENSG00000147526",8587.9138153644,-0.893462314351197,0.150033649441033,-5.9550795283584,2.59945392362194e-09,1.38426507651902e-07
"ENSG00000147576",242.963584113988,-1.49124523008297,0.279419083762047,-5.33694839309153,9.45239292751668e-08,3.43782235925435e-06
"ENSG00000147649",3480.07246259658,-0.536168161440284,0.148222529197783,-3.61731893486206,0.000297670425741062,0.00391799211217963
"ENSG00000147655",151.372682040395,1.48209778537813,0.506826115125645,2.92427272618087,0.0034526210178159,0.0283422975336168
"ENSG00000147679",376.045887653302,-0.325457019264336,0.113761554461069,-2.86087000837978,0.00422480239427645,0.0330184829678838
"ENSG00000147883",517.030621475995,1.48918483730284,0.277919530618106,5.35833100318938,8.39942518402449e-08,3.09728803660903e-06
"ENSG00000147905",374.064301515028,0.352451460600454,0.130735820022483,2.69590583927069,0.00701975070120964,0.0487891050044806
"ENSG00000148082",839.420930904349,-0.697881444899626,0.232594597271921,-3.00041984244263,0.00269607704983536,0.0235131825298874
"ENSG00000148110",1501.47211294004,-0.374487454969452,0.0927797978910116,-4.03630384503922,5.42998842582524e-05,0.00091575621500873
"ENSG00000148120",743.999875010981,-1.10060778382211,0.167521114843931,-6.56996453758966,5.03272464794826e-11,3.96327066025926e-09
"ENSG00000148153",376.329398088783,0.392712178360985,0.113096595202224,3.47236075196419,0.000515902569677199,0.00618583823061339
"ENSG00000148158",794.689363789277,0.571354109126269,0.181904219466918,3.14096127511863,0.00168394296633597,0.0161070921406866
"ENSG00000148175",11193.718773887,-1.45146587997406,0.0848248918315378,-17.1113201400441,1.22198224683023e-65,1.13552700286699e-61
"ENSG00000148180",13032.1643691024,-0.528190944310414,0.155751460429452,-3.39124232192775,0.000695765545204472,0.00793300776541418
"ENSG00000148219",127.279582532385,0.806183825670269,0.209008747644923,3.85717743756766,0.000114703898379091,0.00173314792794748
"ENSG00000148339",306.787167697161,-0.459138936799579,0.11750280969375,-3.90747198297847,9.32668523991377e-05,0.00146152146023438
"ENSG00000148343",576.21224044937,-0.388053495195247,0.142479954271858,-2.72356555122712,0.00645813981234836,0.0458809359374978
"ENSG00000148356",348.001298448618,0.503922758121664,0.144093003101646,3.49720491123492,0.000470160543351846,0.00574864059091714
"ENSG00000148399",287.214166398885,0.293999978896652,0.10666809682326,2.75621284763134,0.00584749314591181,0.0422862490726735
"ENSG00000148400",244.640247328908,0.773909439850418,0.19124950727728,4.0465957317651,5.19678772116192e-05,0.000882836378407626
"ENSG00000148411",1257.91982379611,-0.379884943707743,0.115717299544881,-3.28287079980122,0.00102755748563211,0.0108753735025471
"ENSG00000148468",539.880551691241,0.681304813969393,0.155299551085826,4.38703659608696,1.14905462286488e-05,0.000243225286628061
"ENSG00000148484",2645.93387626903,-0.368883580459218,0.126143014670209,-2.92432824301556,0.00345200524162704,0.0283422975336168
"ENSG00000148541",91.2060763280405,1.29400053289153,0.471719592202848,2.74315621882223,0.00608517284638725,0.0436315344714919
"ENSG00000148672",2596.7868471471,-0.271343763966168,0.093127491713783,-2.91368057887904,0.0035719518381479,0.0290595527207042
"ENSG00000148677",5.28541894388298,-3.85809230979233,1.39796776560531,-2.75978631604699,0.0057839179581992,0.0418917050869572
"ENSG00000148719",1085.43039414993,-0.351725743925748,0.100840621986852,-3.48793707333149,0.000486762624379379,0.00589731641075017
"ENSG00000148730",3283.61671568989,-0.696893388322931,0.201828587176755,-3.45289732277923,0.000554600059565328,0.0065365505588868
"ENSG00000148814",217.847211815281,0.49938832243117,0.142523802051443,3.50389419341283,0.000458507493975927,0.0056283763378749
"ENSG00000148841",491.560901547143,-0.470034760166662,0.156246349232931,-3.0082927535538,0.00262719923290647,0.0230422358393425
"ENSG00000148848",1365.17398590702,1.83307315853943,0.27721154145635,6.61254271344279,3.77774061812808e-11,3.10660661008453e-09
"ENSG00000148908",408.260975443912,0.633393987311697,0.146262347096945,4.33053345501062,1.48748543553741e-05,0.000304459436337697
"ENSG00000148925",504.987927414137,0.335229637695243,0.102863157299396,3.25898646800736,0.00111811000911062,0.0116414983301517
"ENSG00000148926",17317.5452388048,-0.659662942487072,0.16666888313494,-3.95792501923104,7.56036811766556e-05,0.00121442905330004
"ENSG00000149090",6312.91366239915,0.391259119058617,0.104633787971448,3.73931907316,0.000184519397795829,0.00260386712834889
"ENSG00000149212",2822.88634293372,0.534845269010616,0.124682703417801,4.28965088460102,1.78954201388444e-05,0.000358004718278174
"ENSG00000149218",2027.18573134681,-1.96182696551717,0.250628488726593,-7.82762955434525,4.97154237816943e-15,7.03947680060542e-13
"ENSG00000149256",648.755202623655,1.43751748447906,0.327376135740802,4.39102710167366,1.12816476270609e-05,0.000239348654279596
"ENSG00000149257",6909.67316286932,0.671966573036934,0.172294850380639,3.90009667469693,9.61542853602441e-05,0.00149918405488267
"ENSG00000149289",397.581193360721,-0.729237909725353,0.123615085194641,-5.89926309217934,3.65128627401604e-09,1.8745623039389e-07
"ENSG00000149403",45.0598704159493,2.17468752832192,0.599600385297777,3.62689481468881,0.000286850076565405,0.00380353453150192
"ENSG00000149488",60.0268134309367,-1.0628560466932,0.356364203245042,-2.98249946828234,0.0028590514503078,0.0245163460821061
"ENSG00000149541",450.766868798178,-0.441510564970533,0.145022792637033,-3.04442189356785,0.0023312795673073,0.0209308361151721
"ENSG00000149548",20.4184138609164,1.05611336945065,0.360679785658144,2.92811910022496,0.00341019387896118,0.0280684026751522
"ENSG00000149577",1339.90317535198,-0.765206243874615,0.176875247967943,-4.32624831719418,1.51670435902223e-05,0.000309078404741537
"ENSG00000149591",7792.46432927398,-1.31646848148817,0.349109372660406,-3.77093422458399,0.000162637540579049,0.00233767880252252
"ENSG00000149633",241.89667346492,1.48828347961622,0.277503437676619,5.36311727190405,8.17978616824679e-08,3.02831326567463e-06
"ENSG00000149792",683.072218727543,0.539521062008303,0.0837848596440476,6.43936224635823,1.19976547644916e-10,8.77859896842818e-09
"ENSG00000149809",103.933829575937,-0.841184543746736,0.292439720262886,-2.87643738337104,0.00402191983496825,0.0318480528900234
"ENSG00000150403",3626.54700512166,-0.282483555664184,0.0903434873980583,-3.12677276248532,0.00176736473902311,0.0166987664843642
"ENSG00000150510",318.427565298178,-0.686470752822648,0.254739402869577,-2.69479611355653,0.00704317136463824,0.0488970264519244
"ENSG00000150593",2233.9071881701,0.600174589685755,0.119166915481157,5.03641960742581,4.74320184562279e-07,1.43804904242903e-05
"ENSG00000150594",41.6521886975432,2.33352802584441,0.600656045868012,3.88496551711588,0.000102344413527748,0.00158242173495274
"ENSG00000150630",1278.71718366087,0.446564741511437,0.153825483925295,2.90306085907267,0.00369534818255276,0.0297808051457153
"ENSG00000150636",73.7826528021649,1.06245793358223,0.318110192754311,3.3399053465816,0.000838069485124579,0.00920291433644187
"ENSG00000150768",456.127265972328,-0.417853651620992,0.124090719144232,-3.36732395865411,0.000759014683777836,0.00850718073326849
"ENSG00000150907",678.868174958036,-2.28866082505543,0.267291774557494,-8.56240648947896,1.1053568495984e-17,2.2574787966798e-15
"ENSG00000150938",10974.7897659543,-1.05421533559156,0.273343871632674,-3.85673667858279,0.000114910833097027,0.00173486420236251
"ENSG00000150967",57.5164300001613,0.784088138081466,0.238462190301581,3.28810255869006,0.00100865088187917,0.0107057547913903
"ENSG00000150977",513.587079829898,-0.540368162116549,0.159367699944058,-3.39070063950369,0.000697142046353643,0.00794382889729151
"ENSG00000150990",367.836981197312,-0.618080080280704,0.174034799584627,-3.55147408309079,0.000383079717755846,0.00484322214591319
"ENSG00000151065",403.950239767704,0.477795332181035,0.11849839795247,4.03208263096248,5.5284740603075e-05,0.000930676543576222
"ENSG00000151151",336.395660657131,-0.640897490698189,0.198980428294446,-3.22090718263911,0.00127785525763039,0.0129210772377916
"ENSG00000151229",389.294218161142,-0.419541728105114,0.131840640007131,-3.18218819388635,0.00146166807713027,0.014380678249585
"ENSG00000151276",635.365308891719,-0.590673555610248,0.217875446423005,-2.71106067851013,0.00670683515473007,0.0471431661689328
"ENSG00000151327",715.195609701023,-0.469160332964725,0.160919694265531,-2.91549356407905,0.00355126431395355,0.0289728916921978
"ENSG00000151332",332.135151347157,0.480512305634965,0.105358480624917,4.56073685558943,5.0974428172412e-06,0.00011812465680602
"ENSG00000151470",85.5109619692678,0.593246923375471,0.193967680340165,3.0584833634917,0.00222460430867994,0.0201679371106423
"ENSG00000151491",1713.93598470784,-0.519240919454577,0.191881747508759,-2.70604643847573,0.00680895236216217,0.0475730750566857
"ENSG00000151612",560.685291704018,0.524492679181848,0.0978926694654337,5.35783406506295,8.42255391709438e-08,3.09966662473662e-06
"ENSG00000151623",72.1614959058053,0.883071412725794,0.282482590613026,3.12610915529133,0.00177135789812607,0.0167279911263582
"ENSG00000151690",939.078455369772,-1.0362118368319,0.225626785211892,-4.59259230174631,4.3777378215817e-06,0.000102857468285835
"ENSG00000151694",1023.79164079346,-0.49561582229962,0.177787661304528,-2.78768401959398,0.00530862947365475,0.0393227894650751
"ENSG00000151726",1460.17800298032,-1.60418024322007,0.177466564679015,-9.03933789512164,1.57623620695383e-19,4.18490712946242e-17
"ENSG00000151743",32.1149764923643,0.835861494749758,0.272109910344991,3.07177895024118,0.00212787239156686,0.0194714467736436
"ENSG00000151779",1508.62314489671,0.371300478797301,0.0830346787876486,4.47163142217794,7.76251321238079e-06,0.000171134410500708
"ENSG00000151835",3251.98468912308,0.743588252682327,0.226625332198344,3.2811347498943,0.00103390336961093,0.0109238738625464
"ENSG00000151893",1064.17282798667,-0.647295078626792,0.166180393814343,-3.89513506238258,9.81440264106037e-05,0.00152381514690148
"ENSG00000151914",15420.8850586492,0.364464036093856,0.119570908876251,3.0480995713686,0.00230293606274652,0.0207264245647187
"ENSG00000151917",300.042639416163,0.647049463063096,0.118598872389775,5.45578090267644,4.87580840083024e-08,1.92801913041341e-06
"ENSG00000151929",1174.64293787778,-0.401918425034055,0.0967272714524826,-4.15517174214408,3.25043296769205e-05,0.000594579691973983
"ENSG00000152332",2975.43558811063,-0.657434814872217,0.0853272916397029,-7.70485974930806,1.30987069668223e-14,1.77693043049921e-12
"ENSG00000152377",6538.84565157531,-0.847310763371785,0.281565833255984,-3.00928118150421,0.00261866636755801,0.0229890951540225
"ENSG00000152463",7.53313262628742,-3.91390888821033,0.870060621362561,-4.49843239897577,6.84563565409452e-06,0.000152549326896099
"ENSG00000152484",844.464332483729,-0.528192240578392,0.182212323835877,-2.89877341696244,0.00374625514981073,0.03004926713821
"ENSG00000152495",69.1122789706758,1.32526001456645,0.20377871810914,6.5034269862109,7.85105367159753e-11,5.93137530433496e-09
"ENSG00000152518",8098.46615997142,-0.636322978171146,0.142717193167449,-4.45862873315166,8.2485651499186e-06,0.00018056488022525
"ENSG00000152558",4794.88142059327,-0.362241370264511,0.121750188750061,-2.97528384952363,0.00292717556096665,0.0249157517761024
"ENSG00000152580",5992.50455672065,1.15543134514143,0.36535219535947,3.16251376019405,0.00156413343346968,0.0151799046202358
"ENSG00000152583",997.439773207048,-4.60252567692758,0.211770756715872,-21.7335280295697,9.89036415899604e-105,1.83812417894941e-100
"ENSG00000152601",5822.54908478731,-0.862932524978225,0.202497565036527,-4.261446426887,2.03108046401549e-05,0.000396925661658547
"ENSG00000152642",244.598961431258,-0.844326661256212,0.212920529338761,-3.96545445325693,7.32562403342681e-05,0.00118594706150903
"ENSG00000152779",45.6803352931827,-4.03159930705111,0.669272640733717,-6.02385195759879,1.70314160989527e-09,9.53400205418782e-08
"ENSG00000152926",423.338778277586,0.595646118997199,0.170970436532601,3.48391295639945,0.000494140165024016,0.00597216309085266
"ENSG00000152990",650.358223327206,0.81160356814724,0.218636176218238,3.71211929418814,0.000205531069532714,0.00286329931870873
"ENSG00000153006",501.707127536857,-0.472592395256172,0.0977254333611768,-4.83592017964811,1.32531099715519e-06,3.58007338403042e-05
"ENSG00000153066",699.653302924565,-0.535066008316612,0.111107781610389,-4.81573838088927,1.46656567056936e-06,3.92174431475273e-05
"ENSG00000153113",6797.98033524022,-0.358496088166978,0.107138115818572,-3.34611156289192,0.000819534150070583,0.00904061857510188
"ENSG00000153179",1140.43263303623,-0.391836742434205,0.11567866600787,-3.38728614321631,0.000705877246868524,0.00802859769464597
"ENSG00000153207",1843.64020675361,-1.28854338045982,0.230299180592784,-5.59508452067933,2.20514316804556e-08,9.53083390188992e-07
"ENSG00000153214",1120.22946121123,-0.680528894589592,0.215552118681356,-3.15714314826846,0.00159323111936619,0.01541395125113
"ENSG00000153250",3855.08013223529,-0.284775264151906,0.0989577086642877,-2.87774715073488,0.00400526027828804,0.0317438014501582
"ENSG00000153317",3791.39650369064,-0.291623183925671,0.103286812853282,-2.82343094795577,0.00475126595346755,0.0361789308475458
"ENSG00000153443",327.262252547006,-0.63841766650323,0.153904337705756,-4.14814602382292,3.35178594276269e-05,0.000605373583539792
"ENSG00000153560",1321.89153527504,-0.221648255812176,0.0812485791968289,-2.72802623754468,0.00637145399690588,0.0453170579917703
"ENSG00000153721",424.504373067692,0.70550093560524,0.246921494777786,2.85718720535103,0.0042741367075215,0.0333266261187581
"ENSG00000153823",1396.46417768648,-0.623624865751283,0.178711035799122,-3.48957109986348,0.000483796340754428,0.00586903067423045
"ENSG00000153879",380.923996326692,0.631403511749083,0.161480024224204,3.91010290456992,9.22568097024761e-05,0.00144813581783828
"ENSG00000153904",3072.52924339866,-1.33302276330573,0.319941569961361,-4.16645690482396,3.09370343788736e-05,0.000568147019695025
"ENSG00000153936",1557.87258252394,-0.851402956750212,0.264978402896602,-3.21310320933001,0.00131309094579959,0.0132181961065375
"ENSG00000154027",746.151225100127,-0.972395895639918,0.272654954340278,-3.56639730971605,0.000361922537019447,0.00459751362510991
"ENSG00000154102",70.3429285062914,0.98898102079297,0.206324572400553,4.79332640453989,1.64038406703552e-06,4.34900683107777e-05
"ENSG00000154114",637.384273596256,-0.2820798349632,0.0867360305325392,-3.25216444920634,0.00114529737011645,0.0118651070631613
"ENSG00000154127",416.180003290357,-1.1210562113436,0.253563805803016,-4.42119965739314,9.81544254654653e-06,0.000211378910460681
"ENSG00000154134",186.271598483369,0.629930191862167,0.169703771251942,3.71193985387027,0.000205676867929844,0.00286329931870873
"ENSG00000154217",190.300717843695,-0.874954043454592,0.205002777665952,-4.26801067486174,1.9722389212391e-05,0.000389506777259649
"ENSG00000154262",2397.11809061523,-1.03756906108644,0.167373057935703,-6.19914025520776,5.6772423495039e-10,3.55257740961381e-08
"ENSG00000154263",153.558087557533,1.41265533912957,0.307024315618195,4.60111876248364,4.20227728591817e-06,9.95364892572412e-05
"ENSG00000154310",763.360161654028,1.12348380535746,0.193292139098763,5.81236159212568,6.15976077679189e-09,3.00470220568707e-07
"ENSG00000154319",89.7644504264354,-0.980033316854366,0.240161580160422,-4.08072480285867,4.48954846069094e-05,0.000779796805064871
"ENSG00000154582",682.344477194455,-0.263886372177158,0.0904911702460449,-2.91615603444682,0.00354373226218813,0.0289368471409343
"ENSG00000154608",825.933150866933,0.598247966598607,0.151569418534265,3.9470229046459,7.91289894903923e-05,0.0012655871511867
"ENSG00000154654",1333.94191737352,0.790511525392072,0.260069733925109,3.03961369691604,0.00236881772076117,0.021206395636005
"ENSG00000154734",30315.1354711078,-2.29533320517725,0.25524456513611,-8.9926819948282,2.41269549510401e-19,6.14245832554904e-17
"ENSG00000154736",3780.4846510675,-2.12645967212116,0.413004385854235,-5.14875808818085,2.62216803627868e-07,8.5197540129789e-06
"ENSG00000154743",159.338486728561,-0.487613511655981,0.137107104158671,-3.556442349564,0.000375910924271889,0.00476230710810706
"ENSG00000154767",1481.47984731089,0.557085932219324,0.0924240393307497,6.02750038034725,1.66514859321936e-09,9.34948235800056e-08
"ENSG00000154813",839.380629710787,-0.463484067941764,0.121347656485839,-3.81947275591476,0.000133737229068321,0.0019868156692524
"ENSG00000154856",1452.3845505628,-1.77170181662082,0.595874706425737,-2.973279109711,0.00294636393090921,0.0250494847465451
"ENSG00000154864",153.23479367767,2.60326418101174,0.732664076230788,3.55314838746333,0.000380649683130475,0.00481905610420973
"ENSG00000154930",670.046703530433,-1.88261725669067,0.303377749214176,-6.20552186693689,5.45156901110145e-10,3.42288547538245e-08
"ENSG00000154945",935.737384204365,-0.357398590584131,0.083074762580771,-4.30213195297,1.69162514647517e-05,0.000340615962591994
"ENSG00000155008",114.332514806429,-0.643176910133343,0.211354937429721,-3.0431127749131,0.00234144566930461,0.0210087430482196
"ENSG00000155011",12.1072114270442,1.58419313560003,0.514426161093026,3.07953454823141,0.00207324323122701,0.0190654257557417
"ENSG00000155085",135.485842548104,0.642492741023307,0.210527778721727,3.05181931298741,0.00227458975958171,0.0205110386617302
"ENSG00000155090",684.910334697619,0.607190442783591,0.216677068343244,2.8022828969687,0.00507423563201115,0.038026076298761
"ENSG00000155130",5654.05696431278,1.18238233452119,0.160068023001842,7.38674916043403,1.50462062381107e-13,1.87673652976703e-11
"ENSG00000155324",535.890773830838,-1.30316987882985,0.31091104659791,-4.19145570120317,2.77170311455571e-05,0.000517709571698672
"ENSG00000155508",741.354117347496,-0.608611720032497,0.158069868259664,-3.85027030599356,0.000117987536725496,0.00177698409241763
"ENSG00000155511",2878.4414763699,-0.868563917008729,0.275182560173753,-3.15631890502185,0.00159774067762822,0.0154415031168593
"ENSG00000155749",18.9236022019863,-1.03030050126887,0.354067145043625,-2.9099014570864,0.00361542729475987,0.0293289900799268
"ENSG00000155827",1291.9754258094,0.355238996590329,0.0755999055343079,4.69893439786269,2.61522435576793e-06,6.61278158529891e-05
"ENSG00000155850",670.410250235649,-0.388825620229616,0.11970072292145,-3.24831471974294,0.00116090787426689,0.0119863738018057
"ENSG00000155893",344.838581559457,0.86460273837257,0.182826839299117,4.72907994081777,2.25539572727681e-06,5.76568495067944e-05
"ENSG00000155897",24.2886725181586,3.9664342550939,0.837760380826887,4.73456891238871,2.1952117736452e-06,5.6273118363029e-05
"ENSG00000155962",402.933078383503,1.23484692670271,0.194926572860017,6.33493375779757,2.37443265274685e-10,1.59887068301813e-08
"ENSG00000155975",941.004726000707,-0.481635821304486,0.105776164344277,-4.55334927571087,5.27985039083102e-06,0.000121895676414403
"ENSG00000156050",143.229527917907,0.742133668090208,0.186439273252227,3.9805651199155,6.87516268308664e-05,0.00112875352001029
"ENSG00000156113",750.942221494385,0.617609098447828,0.191053573108119,3.23264877175742,0.00122648254753757,0.0125105258759526
"ENSG00000156162",1098.79647474083,-0.456974279942813,0.153800745183014,-2.97120979094764,0.00296629074449498,0.0251498692912588
"ENSG00000156232",307.713213550576,-0.56023475674888,0.126018123243841,-4.4456681493728,8.76191151703506e-06,0.000190902843545248
"ENSG00000156239",233.251539833717,0.745933277324094,0.155754028331151,4.78917486318976,1.67468502660059e-06,4.43362125632079e-05
"ENSG00000156261",2417.93884124932,-0.275581071124728,0.0850496197597702,-3.24023872068011,0.00119429667971757,0.0122549492389998
"ENSG00000156471",2275.98513434847,0.51330093095135,0.16194198473159,3.16965938019172,0.00152617731857215,0.0148970616941509
"ENSG00000156504",419.642998572445,-0.357220798341612,0.131307769842468,-2.7204848484608,0.00651862591367274,0.0461870616109828
"ENSG00000156671",1554.52043389354,-0.611340883959794,0.138860313945579,-4.40256014543787,1.06980918710508e-05,0.000227748038285773
"ENSG00000156675",1631.87785808313,-1.54529881954473,0.349351112261258,-4.42334020218918,9.71865218134789e-06,0.000209537297900639
"ENSG00000156804",3746.76356631838,-1.10610129141533,0.261840273561146,-4.22433599068567,2.39646298410233e-05,0.000459631213204766
"ENSG00000156869",182.245459929526,0.787390319455414,0.235879557836952,3.33810325352435,0.000843523975768149,0.00923800417775548
"ENSG00000156876",50.4663760963806,0.711596303849461,0.225128947402421,3.16083876400609,0.00157315553663937,0.0152435326634217
"ENSG00000156928",277.342173950766,-0.356782571699266,0.125807608381326,-2.83593795549986,0.00456913214313991,0.0350463561206171
"ENSG00000156931",825.354048948826,0.4893869256917,0.0924254917287223,5.29493450928124,1.19059071709999e-07,4.25521701486601e-06
"ENSG00000157036",269.430892872022,-0.544530508838425,0.188718624763447,-2.88540947943521,0.00390904858085463,0.0311000290561572
"ENSG00000157107",861.576936062332,-0.375606462804625,0.126099115801023,-2.97866055934373,0.00289511304188458,0.0247155148752526
"ENSG00000157110",2970.45509966733,-0.893717814623156,0.0977582578234665,-9.1421209268791,6.12393069242703e-20,1.76645667586011e-17
"ENSG00000157150",167.615505683076,-2.93264032244902,0.28727640263675,-10.2084274779688,1.8178703088008e-24,8.24027309489337e-22
"ENSG00000157152",49.948908756072,-3.55928572512124,0.436536215449423,-8.15347180635834,3.53622728380472e-16,6.08525778421395e-14
"ENSG00000157214",3009.26322295794,-1.98770269757036,0.22080185160047,-9.00220121870632,2.21236612563027e-19,5.71067006178314e-17
"ENSG00000157216",1528.67046965141,-0.76873378685448,0.176667084529273,-4.351313029831,1.3532468990794e-05,0.00028038008494304
"ENSG00000157224",669.925981308525,-0.406506626626398,0.123970618413583,-3.27905621370893,0.00104154886309454,0.0109859169242974
"ENSG00000157368",52.0696653351768,2.14913409966042,0.375893034455728,5.71740868455368,1.0816076483095e-08,5.01288731766384e-07
"ENSG00000157445",110.078998580752,0.909463795100788,0.328470191151581,2.76878639097297,0.00562655110548492,0.0410237160829491
"ENSG00000157483",2235.28153913467,-0.913008283496222,0.22897322304889,-3.98740198237624,6.68007882040567e-05,0.00109866606086053
"ENSG00000157510",487.999313281654,-1.6972561415794,0.216697869647056,-7.83236191635747,4.7878891855707e-15,6.89790081502569e-13
"ENSG00000157514",2205.70579219808,-3.33850740796435,0.355372935801692,-9.39437720667429,5.7557316608e-21,1.87667145466611e-18
"ENSG00000157538",1695.15818289221,-0.368530502275376,0.117025921626371,-3.14913565433805,0.00163754161715708,0.0157442891644409
"ENSG00000157578",18.2320009274695,1.15408685676065,0.375923065559319,3.07000810137452,0.00214052964597443,0.0195326756213277
"ENSG00000157601",199.276331129231,0.966419274232137,0.265528206300626,3.63961059992991,0.000273050641454878,0.00364699712898844
"ENSG00000157613",2782.52862633184,0.979265818095396,0.107126978864718,9.1411689984465,6.17808361210156e-20,1.76645667586011e-17
"ENSG00000157617",961.832924240335,-1.13172496961747,0.281193865650213,-4.02471429097697,5.70445292868123e-05,0.000957698804693231
"ENSG00000157657",654.150513641363,0.648241433754027,0.188443776195755,3.43997263714688,0.000581773001607038,0.00682160961190334
"ENSG00000157796",1688.86981128955,-0.409279451620411,0.151921137256946,-2.69402572288669,0.00705947163107766,0.0489918895681771
"ENSG00000157827",1642.39439358243,-0.518525607619474,0.175635246784096,-2.9522867255505,0.00315429885004113,0.026370960021599
"ENSG00000157916",2173.12066909927,-0.235934587229257,0.0706302680235229,-3.34041755512922,0.000836525137825164,0.00919386143493831
"ENSG00000157954",2041.37228442269,-0.333253170732885,0.111578597310968,-2.98671231548209,0.00281994950089387,0.0242858023513033
"ENSG00000158079",308.463633288015,-0.942145717591733,0.147171038406287,-6.40170598641019,1.53650335857427e-10,1.06551921339936e-08
"ENSG00000158122",850.339866230687,-0.852699293794056,0.191132139628708,-4.46130773950683,8.14610105098647e-06,0.000178532179283707
"ENSG00000158125",23.1712263439207,-1.35690654025511,0.449124960053762,-3.02122273518862,0.00251756091652012,0.0222486303535551
"ENSG00000158201",87.8623410479912,-0.789385097438707,0.223884317226617,-3.5258615128441,0.000422107634378002,0.00525443428326534
"ENSG00000158246",70.302802747663,-2.33452775077325,0.231127896677045,-10.1005883942919,5.49117220394144e-24,2.37333570721515e-21
"ENSG00000158292",630.446544436685,0.897628017198712,0.160761188247761,5.58361148597203,2.35574645884849e-08,1.00416394352521e-06
"ENSG00000158301",321.213050328181,0.85686617073871,0.164451847587202,5.21043809060491,1.88395239840527e-07,6.34298103702208e-06
"ENSG00000158467",532.913378287366,0.720417247627803,0.190168773081467,3.78830465146442,0.000151678786969017,0.00221789949317009
"ENSG00000158552",348.892033528496,0.387807133699651,0.135714242720933,2.85752715355817,0.0042695610201598,0.0333122550628337
"ENSG00000158716",158.979497686278,-1.33925421717959,0.214505899913956,-6.24343767568537,4.28056919083406e-10,2.77192956138157e-08
"ENSG00000158747",1693.89189657515,-0.884007527449461,0.195245974823547,-4.52766070208811,5.964024208254e-06,0.000134843540036984
"ENSG00000158806",34.163972181366,1.12944244383491,0.362794888711424,3.1131707721861,0.00185088886043353,0.0173555850005838
"ENSG00000158813",81.9426268270544,-1.53189857224217,0.351398903871161,-4.35942900039277,1.30402252621971e-05,0.000272612583237271
"ENSG00000158828",983.483129059827,-0.322358212336375,0.114477249243545,-2.81591507890421,0.0048638521357447,0.0367757086830005
"ENSG00000158985",383.871173382222,-0.539404969742206,0.165712879214857,-3.25505761711396,0.00113369363596816,0.011777359544141
"ENSG00000159023",342.105224836905,1.04060771645866,0.202136937127054,5.14803346310022,2.63231540504441e-07,8.53745378375644e-06
"ENSG00000159082",449.443281998106,0.395786208436372,0.145581118543085,2.71866442844536,0.00655460683930999,0.0463183909158084
"ENSG00000159167",924.324969178294,-2.27737498266017,0.695444926273194,-3.27470213186306,0.00105773437997211,0.011131366620488
"ENSG00000159200",2858.62273155883,-1.14896485899072,0.409644224631647,-2.80478715408198,0.00503498162501268,0.037792864903417
"ENSG00000159212",757.351871507445,-1.05115128163185,0.226266402084417,-4.64563572827607,3.39030781223777e-06,8.30156399083517e-05
"ENSG00000159216",3466.90294090626,-0.486219609348011,0.116654980695593,-4.1680141426347,3.07264874598478e-05,0.000565305271740892
"ENSG00000159346",1625.40292179413,-0.355605435783899,0.126114400340506,-2.81970524241301,0.00480677804908032,0.0364926348211429
"ENSG00000159423",229.256523337071,-0.930529159167333,0.158274471492216,-5.8792119183484,4.12224345143627e-09,2.08184496046041e-07
"ENSG00000159593",717.215221833617,-0.328327456317909,0.0972362721887042,-3.3765944428714,0.000733891721803989,0.00829141498463655
"ENSG00000159674",8662.33699142099,0.97349166123993,0.322312569791736,3.02033414914273,0.00252495950475724,0.0223034089334189
"ENSG00000159713",14.1186430680723,1.54438446503952,0.450735727288862,3.42636354639305,0.000611721033173886,0.00710108394849261
"ENSG00000159720",1483.60504797722,0.367142432409528,0.0785552267795813,4.67368560261045,2.95842102040352e-06,7.38016841130195e-05
"ENSG00000159792",955.234263057768,-0.308001735613177,0.0990906958267632,-3.10828108576052,0.00188178999322744,0.0175567605542831
"ENSG00000159840",8170.67661520611,-0.701174016986176,0.107260834251163,-6.53709270379436,6.27261720353601e-11,4.81721449288086e-09
"ENSG00000159842",4084.24849294604,0.452514187982272,0.116822162120175,3.87353032823317,0.000107270050449526,0.00164489594686835
"ENSG00000159884",70.4843889662942,-0.958558130454161,0.236869225822314,-4.04678204661849,5.19265485407758e-05,0.000882836378407626
"ENSG00000160097",14.651110138126,1.67791730492365,0.433649236256755,3.86929611454497,0.00010915001298969,0.00166480760937203
"ENSG00000160145",42.1562496986898,1.6345691666594,0.360646398687271,4.532331870245,5.83361034494967e-06,0.000132378080904627
"ENSG00000160172",33.1101132123005,0.848335580835831,0.295282627935207,2.87296136168898,0.00406643846647704,0.0320775716890814
"ENSG00000160200",834.066631033772,-1.24724673864373,0.303400616863911,-4.11089058267532,3.94135953046624e-05,0.0007009585346767
"ENSG00000160218",933.482087873629,-0.303127671229621,0.0768195935862005,-3.94596817138165,7.9478171837389e-05,0.00127007895408244
"ENSG00000160219",62.5695361579043,-0.597185865910949,0.219918147489006,-2.71549152595878,0.00661774699926085,0.0466486521983734
"ENSG00000160223",16.5437901189003,1.58279220721639,0.549035051825676,2.88286185363434,0.00394080225694228,0.0313258382999454
"ENSG00000160256",151.938715520064,-1.00862781839223,0.302013062045716,-3.33968276590485,0.000838741406549342,0.00920291433644187
"ENSG00000160360",1913.89430495972,0.430514003249196,0.122639279994973,3.51040876354494,0.000447418319177828,0.00552384397335804
"ENSG00000160408",3008.13418062961,-0.401921511564732,0.075069303164543,-5.35400615993155,8.60279293714663e-08,3.15350900861677e-06
"ENSG00000160446",280.438418331309,-0.880289627465355,0.157184721778219,-5.60035108696764,2.139181041651e-08,9.26729129582374e-07
"ENSG00000160460",175.804473619016,1.08632618070607,0.220881360255739,4.91814329397606,8.73689487162492e-07,2.46770807278342e-05
"ENSG00000160613",2069.05978643917,-0.849865688453468,0.253262721175989,-3.35566831354902,0.000791734624885577,0.00879521100029793
"ENSG00000160712",737.935660522704,-0.650374750780587,0.117291873032983,-5.54492595235218,2.94078596140226e-08,1.22543737875921e-06
"ENSG00000160746",1356.93199909094,-0.412783899217779,0.120936197339177,-3.41323696543961,0.000641960958100074,0.00740976549619585
"ENSG00000160766",705.259831833915,0.311830030498208,0.0898812220208562,3.46935681877858,0.000521706064069872,0.00623307848751667
"ENSG00000160867",309.642665467069,0.655600538261847,0.221392493613817,2.96125910847472,0.00306384062420205,0.025788712862679
"ENSG00000160991",758.694539884588,0.534197853931727,0.171546757925462,3.11400728519648,0.00184564932595339,0.0173326896022454
"ENSG00000161010",628.294639870869,0.387556978751984,0.138145045069191,2.80543524784312,0.00502486763392293,0.0377321878692758
"ENSG00000161011",9044.0623775031,0.73203592001513,0.141075371523736,5.18897035044821,2.11460059122896e-07,7.01783071214111e-06
"ENSG00000161091",715.850353980232,-0.486543086804986,0.143648566939614,-3.38703752616979,0.000706517232069699,0.00803096193150786
"ENSG00000161267",64.1439788185784,-1.46735825801104,0.265755316723407,-5.52146341267083,3.36187823510827e-08,1.38231210175857e-06
"ENSG00000161326",703.206703642005,-0.49392353015541,0.142803551804309,-3.45876222205074,0.000542663747249028,0.0064279195300339
"ENSG00000161328",35.0020061884234,0.722383967920565,0.267685811841106,2.69862628486772,0.00696263155069652,0.0484283335964427
"ENSG00000161381",489.573707564817,1.23626017960853,0.282374867636601,4.37808148421877,1.19728589477146e-05,0.000252285242112558
"ENSG00000161513",595.683472875096,0.961566150168737,0.322230516194603,2.98409400054471,0.00284419379113835,0.0244492791897809
"ENSG00000161642",495.726441058005,0.809890922439407,0.253216860926381,3.19840835036207,0.0013818844988396,0.0137815767502465
"ENSG00000161647",166.341518087729,-1.56827913037892,0.165596165079516,-9.47050391913282,2.78496888826577e-21,9.58493459044802e-19
"ENSG00000161682",299.918537765301,0.933666804059441,0.224886307350444,4.15172811123843,3.29974141473253e-05,0.000601232296007884
"ENSG00000161813",1029.39905840616,-0.794639944384327,0.142210699197237,-5.58776483675262,2.30010823717423e-08,9.84965704789933e-07
"ENSG00000161921",164.252203355766,0.805777324398465,0.212109190608654,3.79887982263409,0.000145351546437,0.00213523081817185
"ENSG00000162066",178.648994878702,0.696221673789742,0.217613512347147,3.199349462634,0.00137738098339081,0.0137479192139196
"ENSG00000162298",1024.91754302669,-0.313254105742244,0.0904230465441905,-3.46431709297866,0.000531579501111475,0.00631675513309256
"ENSG00000162341",427.724764934464,-0.601004363586379,0.151781886857994,-3.95965800681259,7.50571710899532e-05,0.00120773811662925
"ENSG00000162368",2757.7326441834,-0.416538510968442,0.1201604772793,-3.46651844599654,0.000527245556295781,0.00627729574872331
"ENSG00000162407",25853.6620173955,1.01334110038861,0.206975224209671,4.89595363047933,9.78301344497238e-07,2.70964686847707e-05
"ENSG00000162426",168.597115791997,-1.29515722296991,0.156883371230726,-8.25554176207207,1.51214738547608e-16,2.75522148618362e-14
"ENSG00000162441",357.523354307222,0.418161139630919,0.134192776676499,3.11612256626143,0.00183246091483849,0.0172613451259461
"ENSG00000162458",1727.16243829226,-0.47548552648303,0.132707096601365,-3.58296985361173,0.000339709825891463,0.00435714776686877
"ENSG00000162493",1099.62586594636,-1.88594320872521,0.624993880144893,-3.01753868099955,0.00254836515870498,0.0224461452485934
"ENSG00000162496",3691.99970068906,-1.12713326546894,0.36034258487455,-3.12794910393769,0.00176030660730521,0.0166405382994747
"ENSG00000162512",3141.08331015537,0.493532004900315,0.151365139342588,3.26053942832434,0.00111200505466411,0.011590922008375
"ENSG00000162545",6269.07890379794,-0.810205987297304,0.260601611047524,-3.10898303368337,0.0018773249834633,0.0175415207730846
"ENSG00000162604",866.739608112116,-0.651600798744043,0.189772589937422,-3.43358753210308,0.00059564984569389,0.00694924819976205
"ENSG00000162614",5393.10168349223,-2.0299266957031,0.151717730552205,-13.3796273402905,7.95451886333186e-41,1.34395211886384e-37
"ENSG00000162616",1467.63582703992,-1.52093916593649,0.123387745631614,-12.3265009677492,6.52177025150327e-35,8.35336412496263e-32
"ENSG00000162630",42.6471259975764,-2.85365196565157,0.59265461927051,-4.81503370236797,1.4717504884724e-06,3.92995442934765e-05
"ENSG00000162643",89.0656758504806,1.58472893182397,0.235420598830582,6.7314794869093,1.67946513642109e-11,1.49091183411394e-09
"ENSG00000162650",109.12075613085,-0.52811277816532,0.181201424269508,-2.91450677219754,0.00356251079314553,0.0290136998644214
"ENSG00000162664",910.822994725799,0.48243683365149,0.0858626601864373,5.61870355057663,1.92395639158702e-08,8.43319092868979e-07
"ENSG00000162687",148.403402011988,-0.928993579046171,0.259520237938174,-3.57965754974179,0.000344044772951551,0.0044036309265183
"ENSG00000162692",508.170232439755,3.60936816352819,0.326546905769959,11.0531384611277,2.11682606516694e-28,1.63921718421365e-25
"ENSG00000162694",909.354289236068,0.410149211812249,0.0836991406009122,4.90027984597705,9.57002421985618e-07,2.66255838512017e-05
"ENSG00000162704",2581.28053913118,-0.88786973492823,0.106424073573829,-8.34275277305835,7.25808045176529e-17,1.37644311424549e-14
"ENSG00000162772",373.51179517354,-1.97578072223675,0.334012876687511,-5.91528309276892,3.31305253308126e-09,1.71991847283003e-07
"ENSG00000162869",571.809044045696,-0.495649587187667,0.155341109601029,-3.19071743764847,0.00141920004534664,0.0140671108494759
"ENSG00000162878",1588.4403411696,-1.53993673404867,0.307830791521707,-5.00254287895071,5.65789920617077e-07,1.69874081981719e-05
"ENSG00000162944",249.73529349619,0.832428701324694,0.194377676517982,4.28253241954812,1.84778199514793e-05,0.000366926541988999
"ENSG00000162961",390.028477059744,-0.430460486566049,0.143219165620869,-3.0056067196032,0.00265051567363738,0.0232029363139664
"ENSG00000162998",89.4043683130993,-1.77671876214837,0.436998398032154,-4.0657328954731,4.78817508208991e-05,0.000822649226887451
"ENSG00000163017",1159.27661998203,-1.92813508297064,0.670442604308307,-2.87591371816219,0.00402859816790982,0.031887349638247
"ENSG00000163041",2990.41963011646,0.19011065864842,0.0676551738107193,2.80999438683429,0.004954236401805,0.0373073271991677
"ENSG00000163069",3074.3666682739,-0.510652247831024,0.110993130075682,-4.60075544750231,4.20961423493094e-06,9.95364892572412e-05
"ENSG00000163072",19.5394534551746,-1.02424566249951,0.372284435461367,-2.75124492172276,0.00593692364182191,0.0427997385117378
"ENSG00000163083",418.921476555884,-3.64389499092113,0.669907467738287,-5.43940046410214,5.34601665544711e-08,2.0916993587681e-06
"ENSG00000163110",1314.18432532042,-1.58697432701705,0.171107601866732,-9.27471549892373,1.78093688556837e-20,5.2537638124267e-18
"ENSG00000163131",77.4486840700511,0.983807666608609,0.338922984279827,2.90274697273509,0.00369905366714203,0.0297808051457153
"ENSG00000163171",1357.57154103081,-1.51185056364174,0.285328576397248,-5.29863003114301,1.16674772685554e-07,4.18610164162359e-06
"ENSG00000163251",54.2582578688149,-2.4764962413095,0.397504742574246,-6.23010489201131,4.66122979421892e-10,2.99015072109564e-08
"ENSG00000163320",2196.67767703112,-0.314575721251639,0.109412005743186,-2.87514810751223,0.00403838016397817,0.0319104146885775
"ENSG00000163378",1805.28931002148,-1.26400288036862,0.176529532324205,-7.160291333278,8.05057860972182e-13,9.41006311079748e-11
"ENSG00000163399",4601.71446230067,-0.406101904012364,0.0750798463125035,-5.40893360812239,6.34011259754129e-08,2.41952756930811e-06
"ENSG00000163430",70059.497157995,-0.917409203914772,0.213598247359856,-4.2950221514186,1.74675894433404e-05,0.000350577915555596
"ENSG00000163431",4934.73010201059,-1.1506917417206,0.256962184695963,-4.47805868043228,7.53248984940165e-06,0.000166656337918011
"ENSG00000163485",45.74943044923,1.65271003550213,0.474502304033035,3.48303901046404,0.00049575611831094,0.00598676248135726
"ENSG00000163491",160.225059048447,2.47261473182416,0.236713950470441,10.4455809508064,1.53512572757316e-25,8.1515176134135e-23
"ENSG00000163513",13216.6476019075,-1.45496463510939,0.17356031450437,-8.38304908160763,5.15739573526647e-17,9.98439580624244e-15
"ENSG00000163527",3864.49597240467,-0.337933441886005,0.120643601565246,-2.8010888062161,0.00509305012632724,0.038105610546615
"ENSG00000163565",5008.04142598663,0.469493481479706,0.152251142124234,3.0836778951491,0.00204458830290911,0.0188579025357647
"ENSG00000163577",469.51404993469,-0.560596522706491,0.188694556349216,-2.97092048415535,0.00296908644398188,0.02516209373525
"ENSG00000163611",198.333641330939,0.499403770924897,0.156424898345698,3.19261048724621,0.00140992993812551,0.01400510309998
"ENSG00000163629",2391.36468477134,0.443453992017776,0.131401827630791,3.37479318220579,0.000738711836690732,0.00833067929908814
"ENSG00000163637",409.158666725298,-0.60615930365062,0.2087819001104,-2.903313473678,0.00369236847298928,0.0297808051457153
"ENSG00000163659",394.423470753168,-0.589896022411752,0.127588846151448,-4.62341372467264,3.77475781817514e-06,9.13461901702929e-05
"ENSG00000163660",1731.87759273268,-0.506847210355268,0.139486962096286,-3.63365294317183,0.000279436678705271,0.00372015091241939
"ENSG00000163661",8565.70116426611,-2.23852948795651,0.32917169998388,-6.80049192584336,1.04262514960697e-11,9.54541300760862e-10
"ENSG00000163697",2266.27450187641,-1.0806198793864,0.105631369851305,-10.2301038120358,1.45363471209872e-24,6.92712849342427e-22
"ENSG00000163719",604.274280260167,-0.518133012649636,0.117875204236711,-4.39560648912344,1.10463892919311e-05,0.000234625308560617
"ENSG00000163755",585.435260574809,0.323987607835037,0.100060110705305,3.23792973594881,0.00120400458599286,0.0123354053090834
"ENSG00000163788",349.510486819916,-0.413052940030356,0.1156145524352,-3.5726725687224,0.000353356475075213,0.00451039154483024
"ENSG00000163803",102.824745390425,-1.48848805779702,0.334311683553663,-4.45239616508375,8.49173072318156e-06,0.000185669194694505
"ENSG00000163812",2007.60457193397,-0.496675768640559,0.122137587966931,-4.06652674993906,4.77190100424112e-05,0.000821164631146493
"ENSG00000163818",463.820146297929,0.475106281569249,0.129778731983081,3.66089477304486,0.000251335973975217,0.00339714841914867
"ENSG00000163823",10.4576827344036,1.82053790514786,0.601874464628944,3.02478010305724,0.00248813957431556,0.02203052595934
"ENSG00000163870",655.434854368505,-0.362371259107758,0.110815756300556,-3.27003371366188,0.00107534667308912,0.0113039128503175
"ENSG00000163877",398.937314843696,-0.366151759614243,0.127236932634734,-2.87771602185172,0.00400565549351396,0.0317438014501582
"ENSG00000163879",312.290119681547,0.512887350350019,0.127463881090876,4.02378576550917,5.72700175560914e-05,0.000959750474553614
"ENSG00000163884",561.107166129071,-4.58215071629456,0.412489585013772,-11.1085246337591,1.14027889750783e-28,9.21394926529696e-26
"ENSG00000163947",541.769160797248,0.888107638262605,0.249364135768449,3.56148904703471,0.000368757494364582,0.00467486905372835
"ENSG00000164023",1603.42526562391,-0.560041761859917,0.161001628487275,-3.47848507572195,0.000504256516165104,0.00606576527697635
"ENSG00000164031",1131.16785751879,-0.329943012894434,0.0917554794524389,-3.59589437996952,0.000323278954742525,0.00418394106816841
"ENSG00000164039",645.75072992186,0.453987487828596,0.137634412809257,3.29850274042845,0.00097201931289388,0.0103821717989269
"ENSG00000164048",184.389234379615,0.592787084118409,0.131017794325336,4.52447766481575,6.05448460613702e-06,0.000136556549035263
"ENSG00000164050",3515.25488669802,-0.79390001103567,0.126364134361329,-6.28263719803257,3.32877275432818e-10,2.20161002274695e-08
"ENSG00000164070",591.684378009254,1.29369213370042,0.244271765035393,5.2961181719589,1.18290303085269e-07,4.23588686481641e-06
"ENSG00000164081",836.378533018029,-0.316722500450955,0.0926619538455055,-3.41804254396603,0.000630732469663676,0.00729443867373953
"ENSG00000164104",1065.1805670275,-1.23928060944075,0.198664772560001,-6.2380491189824,4.43061550196841e-10,2.85913156611399e-08
"ENSG00000164105",538.510216021084,-1.2315541612317,0.165996676222678,-7.41914952308817,1.17874780229793e-13,1.5004813634046e-11
"ENSG00000164106",26.283321597219,-1.51940945653503,0.511781072301255,-2.96886606162068,0.00298900849239536,0.0252733042907952
"ENSG00000164122",19.1561075761712,-1.93628770322261,0.697850066200747,-2.77464715847087,0.00552616265979879,0.0405622958263667
"ENSG00000164125",5596.34966690866,-1.12453046077182,0.0980510761196674,-11.4688232426881,1.89214777397869e-30,1.7582783189697e-27
"ENSG00000164142",6.90577867506404,-2.20231266768221,0.738935693774681,-2.980384742862,0.00287886551178128,0.0246299114077556
"ENSG00000164164",1521.9582906061,-0.390902008027459,0.13688948547641,-2.85560287312806,0.004295520459346,0.0334586117925169
"ENSG00000164171",845.19034204392,1.03090303452493,0.23167072660724,4.44986317271176,8.59250145247399e-06,0.000187651750286991
"ENSG00000164172",955.228205952563,0.447430805693794,0.133648549088884,3.34781640911213,0.000814509498495219,0.00899444980958624
"ENSG00000164237",585.044969444529,0.878330457316602,0.212011891511603,4.14283581479454,3.4303753440811e-05,0.000617766722575071
"ENSG00000164291",492.450487086891,-0.852411597485782,0.119352231555041,-7.14198290538607,9.1994041834732e-13,1.04890139110337e-10
"ENSG00000164292",14399.5505965512,-1.05151613057096,0.235255482656775,-4.46967747019551,7.83376362544073e-06,0.00017250058883746
"ENSG00000164294",3549.42280984046,0.542138783576949,0.0797080163951636,6.80155909148736,1.03492931643478e-11,9.52186205244577e-10
"ENSG00000164305",517.601334286328,-0.729526263685598,0.138204723341069,-5.27859139723637,1.30180729668424e-07,4.59090865443577e-06
"ENSG00000164330",884.926283376325,-1.12177307256599,0.213495288370277,-5.25432238401644,1.48570443700924e-07,5.16108728258257e-06
"ENSG00000164402",1981.76404549314,0.354614853633183,0.0824352457254919,4.30173829788832,1.69463391580114e-05,0.000340852503519092
"ENSG00000164442",7510.52587168029,-1.61622524048318,0.266232069724518,-6.07073836805444,1.27323474923296e-09,7.44121629386619e-08
"ENSG00000164465",652.770436831628,0.538546720849829,0.187333511158167,2.87480183081141,0.00404281152300819,0.0319318538695738
"ENSG00000164483",12.5585063071606,1.38275782935961,0.470753529252467,2.93732865169456,0.00331053060238152,0.0274303215538389
"ENSG00000164484",816.794097566618,1.21368633901952,0.125514806128031,9.66966668284138,4.0569724203218e-22,1.50797664863361e-19
"ENSG00000164506",1193.68271954468,-0.380805726544914,0.125188748548103,-3.04185265018918,0.00235126963272435,0.0210695979383713
"ENSG00000164535",336.80728097104,-0.419687711987344,0.126420274834392,-3.31978167692742,0.000900878709282323,0.00973521766260345
"ENSG00000164574",3126.63953683577,-0.455611789239605,0.134906486250753,-3.37724153894834,0.000732167258196883,0.00827696380388629
"ENSG00000164619",553.269926556431,1.46741259444065,0.348143310049967,4.21496708993213,2.49814615258351e-05,0.000475210299342523
"ENSG00000164647",1920.71012986285,-1.55673265947592,0.141015935150834,-11.0394095377292,2.46648620696344e-28,1.83358584625662e-25
"ENSG00000164692",204537.087252012,0.433296458600174,0.11865828807615,3.6516324786525,0.000260578618778855,0.00350931422464132
"ENSG00000164754",2630.29219173301,-0.526322797945262,0.145966571351368,-3.60577626145859,0.00031122119954933,0.00405329081543398
"ENSG00000164761",7614.37672660506,1.53519199185713,0.343844244361036,4.46478897650292,8.01477067206729e-06,0.000175861290366435
"ENSG00000164808",1156.15194504838,-0.298058982929401,0.0956878322522375,-3.11490997249999,0.00184001059588758,0.0173059701035277
"ENSG00000164850",97.4952646565784,0.725093674078424,0.202719589150758,3.57683081894561,0.000347785099735651,0.00444232720177806
"ENSG00000164920",4600.59859369414,0.733045892352465,0.208439728106888,3.51682425903261,0.000436742843448949,0.00541124383033248
"ENSG00000164930",1380.01045695598,-0.975459753353112,0.28165266265658,-3.46334291375932,0.000533508006371678,0.00633562063796653
"ENSG00000164933",462.654894171383,-0.853572259461089,0.12482991488535,-6.83788225158253,8.03724129183813e-12,7.50613715622169e-10
"ENSG00000164985",1522.5737315573,0.464858337550728,0.122719478426098,3.7879751732376,0.000151880021744015,0.00221909607241551
"ENSG00000165030",1429.9484414282,-1.15169052197365,0.201115722753835,-5.7265066410711,1.02519750769205e-08,4.7633239201142e-07
"ENSG00000165072",641.082658067824,-2.30207220001594,0.760140039336704,-3.02848433299833,0.00245783821133842,0.0218350493105758
"ENSG00000165105",33.6345237695309,1.81618499740215,0.614216497435715,2.95691340917171,0.00310735367780934,0.0260723106555696
"ENSG00000165125",29.8610728848353,-1.74006792867965,0.527331267623921,-3.29976247477254,0.000967666912709987,0.0103535345841768
"ENSG00000165195",151.547306818313,-0.890951628932146,0.215208200635448,-4.13995203854418,3.47378441880165e-05,0.000624374114346505
"ENSG00000165240",606.683480292542,0.376769064674314,0.12133873017504,3.10510143076985,0.00190213783765172,0.0176963993889472
"ENSG00000165244",42.8256810846833,-1.22228297344785,0.374158611869532,-3.26675087696245,0.00108789367909845,0.0114035555702451
"ENSG00000165272",138.573185853026,2.98050131340996,0.455904539150288,6.53755568866456,6.25323645331961e-11,4.81721449288086e-09
"ENSG00000165388",13.1883989199954,2.85008209362773,0.876373366810333,3.25213225500103,0.00114542710797627,0.0118651070631613
"ENSG00000165495",15.3548395166662,2.24381989567721,0.527626920201771,4.25266378527302,2.11242610785916e-05,0.000411956340131821
"ENSG00000165507",18353.5745925703,-1.61592054104264,0.270290406338423,-5.97846058590548,2.25256096915352e-09,1.22767875694188e-07
"ENSG00000165533",713.107705671864,0.568157764143143,0.118716288626456,4.78584506571686,1.70269372125557e-06,4.48223269256866e-05
"ENSG00000165633",2172.99203680002,-0.620837863389444,0.124963684322088,-4.96814627991651,6.75959650576763e-07,1.9650114042063e-05
"ENSG00000165637",2144.74019185229,-0.528661762972583,0.1215635169459,-4.34885215773954,1.36851926649615e-05,0.000283228625476959
"ENSG00000165644",74.7389426061835,-1.02557702177497,0.243543844989263,-4.21105703500813,2.5417855731707e-05,0.000481540110880505
"ENSG00000165675",349.881211160457,-0.537157284319154,0.14748516522016,-3.64211060493649,0.000270411834538738,0.00362075212168764
"ENSG00000165732",1271.69402691527,-0.511702715796333,0.167219253245119,-3.06007057121737,0.00221284843095635,0.0200907611574615
"ENSG00000165801",2021.91239455898,0.893053388075401,0.205790924179013,4.33961503228661,1.42732536854756e-05,0.000293763477015021
"ENSG00000165802",1601.7603826837,-0.958581674197895,0.140459042886179,-6.8246348152513,8.81492596304125e-12,8.19126995115608e-10
"ENSG00000165821",340.878392727316,0.806897789713401,0.143684910151941,5.61574481871575,1.95717324953448e-08,8.53851287384938e-07
"ENSG00000165874",94.339652861889,-0.555087474777069,0.168257315734783,-3.29903916720049,0.000970163739187866,0.0103683111517001
"ENSG00000165891",39.9869785676959,1.4961160640089,0.365476654049212,4.09360227919633,4.24722596097939e-05,0.0007453701084495
"ENSG00000165895",108.535996213671,1.32410954046946,0.305715620193818,4.33118052531958,1.48312019642934e-05,0.000303900648849387
"ENSG00000165899",27.8518759393407,-1.88974348848809,0.520917485723056,-3.62772135756787,0.000285933602203685,0.00379576856925392
"ENSG00000165915",3033.68321241844,-0.620554089660228,0.119226405589237,-5.20483769172898,1.94166237439364e-07,6.50194508614518e-06
"ENSG00000165943",340.166539408486,-0.377611486689871,0.135214555028711,-2.79268372114002,0.00522727741024434,0.0388440426506962
"ENSG00000165995",495.092906698546,-3.30048818116588,0.308522581729905,-10.697719961566,1.04313361011914e-26,6.25375424002069e-24
"ENSG00000165996",275.871182977656,-0.923430126503274,0.156980656474127,-5.88244531042248,4.04248934097819e-09,2.04712982022016e-07
"ENSG00000166037",821.8961436471,0.295127890350834,0.0983928099114233,2.99948635084737,0.0027043524030612,0.023552197474645
"ENSG00000166123",310.837903231996,0.556062483406912,0.164847109567217,3.37320129462249,0.000742996135121021,0.00836883828559041
"ENSG00000166165",467.135427749365,-0.797271348560423,0.248528505749764,-3.20796741667603,0.00133676642434241,0.0134145809915787
"ENSG00000166166",349.492854820355,-0.338166034322102,0.124876673363009,-2.70800002286316,0.00676900177459895,0.0474206457647199
"ENSG00000166170",679.057532146544,-0.242205998563055,0.0902175863820983,-2.68468719100111,0.00725977169292367,0.0499847728565017
"ENSG00000166171",215.834136843748,0.473548755525072,0.157946648285522,2.99815640702317,0.00271618237596971,0.023603774136636
"ENSG00000166173",1123.46319368549,0.396752533568958,0.12909122890673,3.07342750494395,0.00211615096436771,0.0194099337099207
"ENSG00000166189",379.452713380508,-0.506486315137753,0.14490570765808,-3.49528202389972,0.000473561083683562,0.00578261021041985
"ENSG00000166260",774.219126828685,-1.05608569342208,0.2157648238695,-4.89461476844263,9.84984814074845e-07,2.72005093158707e-05
"ENSG00000166263",383.262235503365,-0.83912563272875,0.2439706418817,-3.43945331395913,0.000582890309912177,0.00682179874667368
"ENSG00000166272",2551.95948459527,-0.696201895425633,0.141973552179102,-4.9037435828003,9.40272157788015e-07,2.62386757544899e-05
"ENSG00000166292",38.5172432758096,-1.37590695164503,0.440841445967549,-3.12109254751495,0.00180181398686784,0.0169912977071916
"ENSG00000166340",5574.65097694643,0.284786402615647,0.0954887630031589,2.9824074965368,0.00285991058950799,0.0245163460821061
"ENSG00000166341",1747.72501856289,0.691190583741003,0.132694365299252,5.20889174293297,1.89971907190126e-07,6.38449890619982e-06
"ENSG00000166347",964.502945647218,-0.594942255852027,0.139448176842562,-4.26640397402773,1.9864893884601e-05,0.000390676246397153
"ENSG00000166394",219.68732725002,-0.433225326213919,0.151002346956396,-2.86899730332681,0.00411775309376543,0.0323450723785421
"ENSG00000166398",845.895333361786,-0.528512184722465,0.151428717370704,-3.49017144105266,0.000482710769646471,0.00586351611364684
"ENSG00000166401",340.575022127452,-0.648217073877647,0.140588640127663,-4.61073578412187,4.01246251714696e-06,9.57443486486598e-05
"ENSG00000166473",146.322221914289,1.3722967679482,0.416908870865866,3.29159886931195,0.000996195928893877,0.0106099148071591
"ENSG00000166482",26348.2769204739,0.963940746154567,0.0958950199005682,10.0520417760386,8.99834013644906e-24,3.71631447635346e-21
"ENSG00000166484",1000.84163510886,-0.831992555129972,0.163532856361343,-5.08761709201482,3.62590519037919e-07,1.12688040072236e-05
"ENSG00000166526",410.530143968617,0.577289422881349,0.1004587828157,5.74653013605029,9.10934018541627e-09,4.29688038949141e-07
"ENSG00000166579",1389.52170633514,-0.354522115123238,0.100827516021802,-3.5161246563545,0.000437895333824037,0.00542190858035958
"ENSG00000166592",105.622482706562,1.50985177098254,0.307138219203214,4.915870694632,8.83887262208584e-07,2.4889461769919e-05
"ENSG00000166670",7.56985625586309,2.8412182881279,0.90693517326842,3.13276888125167,0.00173165738040347,0.0164534010300606
"ENSG00000166681",2947.6931025866,-0.38761063877197,0.120638868676783,-3.21298303791674,0.00131364047397227,0.0132181961065375
"ENSG00000166741",7432.9363516342,-2.16219129513813,0.177550924495512,-12.1778655970489,4.07815036589307e-34,4.73702653438267e-31
"ENSG00000166762",15.0254644735448,1.75728454477738,0.578696037311225,3.03662792118327,0.00239240570755623,0.0213969490254729
"ENSG00000166780",1193.86656314979,-0.535363401312312,0.170908471531941,-3.13245678528146,0.00173349944653437,0.0164624870791218
"ENSG00000166793",139.259013593708,1.24902299421142,0.255060329634206,4.89697083040198,9.73252786349094e-07,2.69968702004447e-05
"ENSG00000166825",4198.98449033367,-1.08549410580177,0.187203392944018,-5.79847452939265,6.69208645966247e-09,3.2388652826257e-07
"ENSG00000166912",529.556758437037,-0.729102914464752,0.199677084990228,-3.65141004788023,0.000260804447332925,0.00350981220396989
"ENSG00000166946",983.278568167927,-0.421857721170272,0.150158558595336,-2.80941509506055,0.0049631608514002,0.0373593942581096
"ENSG00000166949",4832.19272802743,0.385675182044053,0.134026380554057,2.87760648649688,0.00400704644617009,0.0317438014501582
"ENSG00000166963",7035.89437236186,0.754245893418007,0.167614488316925,4.49988483090961,6.79902886949723e-06,0.000151692618895085
"ENSG00000166974",697.011397513446,0.855035428716069,0.185916622180056,4.59902626612906,4.24470267984019e-06,9.99845365080228e-05
"ENSG00000166979",130.591210103052,-1.36017857652908,0.256494811633475,-5.30294771994351,1.13947562539854e-07,4.09616141161157e-06
"ENSG00000166986",1653.40423084415,0.35697906820803,0.123836685845558,2.88266005966306,0.00394332740709129,0.0313325095599793
"ENSG00000166997",418.655256420414,0.478910606275867,0.145787176481077,3.28499815851792,0.0010198303819211,0.0108120636896769
"ENSG00000167106",923.990438688171,0.915201641061483,0.242117979879214,3.77998214555587,0.000156839605190137,0.00227345849162684
"ENSG00000167114",397.841094570819,-0.44895420619535,0.141529855543606,-3.17215194257741,0.00151313817124275,0.0147930946410029
"ENSG00000167191",2745.74723692657,-1.89066093761946,0.341971854192261,-5.52870335509105,3.22606319903777e-08,1.33533150454604e-06
"ENSG00000167193",2300.46441422811,-0.266499122622656,0.0923576389035287,-2.88551251186732,0.00390776928490732,0.0311000290561572
"ENSG00000167291",2728.50105831054,-0.554592018976156,0.161231216062388,-3.43973104291143,0.000582292536106795,0.00682179874667368
"ENSG00000167380",321.240257821071,0.494557516537521,0.140021880779052,3.53200166849571,0.000412426753231031,0.00514771740013345
"ENSG00000167460",50201.6393879104,-0.739756821115696,0.118818270631318,-6.2259517596506,4.78641335629366e-10,3.03602362548524e-08
"ENSG00000167468",5845.4356090359,0.364405142594141,0.123063403763491,2.96111704576668,0.00306525425270593,0.0257889317729922
"ENSG00000167543",518.263756729896,-0.502669965155138,0.175835860874415,-2.85874543824796,0.0042531994270606,0.0332124837613114
"ENSG00000167549",1996.3871741822,-2.36461417845396,0.285870929786025,-8.271614676679,1.3215682835898e-16,2.45613465505164e-14
"ENSG00000167552",9310.14519133022,1.19796184591576,0.231229659773614,5.18083124409137,2.2089927486161e-07,7.26621774035932e-06
"ENSG00000167553",2790.5421707141,0.844115510891572,0.21928266638128,3.84944019890682,0.000118388081799059,0.00178157287468462
"ENSG00000167641",231.671616289766,-2.83364723062993,0.441951301569939,-6.41167300687653,1.4393129659408e-10,1.00562524330864e-08
"ENSG00000167642",61.5056227468489,-2.05838497444145,0.630041893080651,-3.26706048763961,0.00108670458953032,0.0113975196368064
"ENSG00000167645",624.069072775243,-1.14335813136081,0.189432108082157,-6.03571455196463,1.58260797251214e-09,8.94005141919091e-08
"ENSG00000167657",1303.81751181627,-0.430358476736584,0.136694566283504,-3.14832175438505,0.00164210835950774,0.0157718779645743
"ENSG00000167702",240.305974094458,-0.682504249043394,0.226500981968932,-3.01325072902778,0.0025846527823128,0.0227549843483105
"ENSG00000167705",155.929280188744,-0.637440004511222,0.190504206333483,-3.34606787314377,0.000819663292926912,0.00904061857510188
"ENSG00000167771",45.6114982788615,1.42444874238731,0.259297655302971,5.49348871173919,3.94070307125607e-08,1.59559840042035e-06
"ENSG00000167797",311.640938593438,-0.840882657452103,0.179992637683942,-4.67176140242274,2.98627735371577e-06,7.42971413906393e-05
"ENSG00000167992",251.543797733559,1.50502150029371,0.287363586563977,5.23734241449772,1.62905289803882e-07,5.57895406602758e-06
"ENSG00000167995",317.412567712736,0.733267427908646,0.207466793121466,3.53438454837125,0.000408725950833385,0.00511844796819738
"ENSG00000168010",226.367436342226,0.496965340637968,0.179297833678454,2.77173087059829,0.00557591160060626,0.0407824939383185
"ENSG00000168077",2112.50799987108,0.610130525561214,0.117688437350951,5.18428606322457,2.16843892111458e-07,7.14546761505577e-06
"ENSG00000168092",1601.05363332865,-0.484444326496376,0.107852570399522,-4.49172722265061,7.06478725773966e-06,0.000157132655762057
"ENSG00000168172",1358.42917185094,-0.314181424031074,0.0902240846389117,-3.48223454179078,0.00049724796018929,0.00600087879228439
"ENSG00000168175",1278.90356268024,-0.326183092510068,0.110884339427604,-2.94165158212473,0.0032646701879342,0.0271593086135887
"ENSG00000168214",5909.9647598032,0.661059203744108,0.159535699445154,4.14364437579297,3.41829697525195e-05,0.000616188644859917
"ENSG00000168234",591.642682736854,-0.771389691372516,0.111709564241838,-6.90531465777224,5.0092270454327e-12,4.8998149810193e-10
"ENSG00000168300",1434.83517405609,0.378278205715148,0.121856272288908,3.10429819171139,0.00190730994800294,0.0177148202816765
"ENSG00000168303",322.860899890699,-0.745296864161603,0.14943847866412,-4.98731565540588,6.12239909553643e-07,1.80610773318325e-05
"ENSG00000168306",442.227038358612,0.367703378927185,0.120425136965698,3.05337729474139,0.00226281241422088,0.0204345814957702
"ENSG00000168309",159.526919764023,-4.71716451031421,1.07576239370171,-4.38495018782204,1.16012322492662e-05,0.000245288852505815
"ENSG00000168310",680.630298154077,-0.33832844911142,0.119501145059775,-2.83117328241654,0.00463775878188238,0.0355287497779407
"ENSG00000168386",2124.78279966108,0.629713481929541,0.226697970598528,2.77776408966949,0.00547343412662335,0.0402453865075597
"ENSG00000168398",5604.07659360667,1.99195987336281,0.32606069228796,6.10916899975056,1.00151233869596e-09,5.98492180535832e-08
"ENSG00000168461",3768.71677781383,-0.968133686532813,0.193796190909567,-4.99562804608777,5.86445966703897e-07,1.74665036717819e-05
"ENSG00000168481",21.0039706625221,-4.88076187840806,0.86999880356047,-5.61007883968753,2.02234462162448e-08,8.78160626002124e-07
"ENSG00000168502",2114.29668918583,0.363038422201397,0.0973202592842604,3.73034787280012,0.000191215571674537,0.0026861235068566
"ENSG00000168538",1246.99530281774,-0.410573583912282,0.116558351549112,-3.52247246512651,0.00042754145163562,0.00530431100043258
"ENSG00000168542",82662.1689907717,0.842449729996776,0.145523088751476,5.78911385969485,7.07587227977142e-09,3.40686752123191e-07
"ENSG00000168556",382.018082336941,-1.29687738134074,0.233057944232892,-5.56461349390768,2.62734087270307e-08,1.10473145066033e-06
"ENSG00000168610",7845.9043879562,-0.622133000128507,0.0946185823108103,-6.5751672127667,4.8598521838085e-11,3.87640999296484e-09
"ENSG00000168621",218.348514748931,-1.81235096216215,0.307558084247426,-5.89271118200926,3.79910095722292e-09,1.93973327719747e-07
"ENSG00000168646",316.537934590666,-1.17402004469469,0.234977567415696,-4.99630691391807,5.84386297661328e-07,1.74330968572003e-05
"ENSG00000168661",47.0742049289176,0.822802590558235,0.279880307474863,2.93983738256445,0.00328384543585919,0.0272736543210666
"ENSG00000168679",328.012756214359,0.941804595430189,0.336678577351411,2.79734042729774,0.00515252120673656,0.038399027876233
"ENSG00000168724",1418.03484355359,-0.489124227989,0.135933144207271,-3.59827053836981,0.000320340303567462,0.00414879759010543
"ENSG00000168769",345.183561345122,0.471578203572289,0.149624512734967,3.15174428943742,0.00162298337094721,0.0156285730305979
"ENSG00000168781",316.736604448533,0.842547336386412,0.207817739965372,4.05426089479562,5.02930622934411e-05,0.000858432955531869
"ENSG00000168792",344.126432281658,-0.661857097859424,0.164825613386794,-4.01549907359516,5.93201318576056e-05,0.000991425045479855
"ENSG00000168811",36.0800634171715,1.9769594220828,0.492022072551007,4.0180299469753,5.86867400932916e-05,0.000981721930363478
"ENSG00000168883",961.232925085746,-0.295520460552265,0.109471629460711,-2.69951641359577,0.00694403303323362,0.0483713845287282
"ENSG00000168884",652.160766193855,-0.506577711542182,0.127349125670337,-3.97786564199536,6.95366432053925e-05,0.00113862424138521
"ENSG00000168890",500.390840320155,-0.934641887379627,0.145378226784317,-6.42903623227062,1.28415518674844e-10,9.25039695570532e-09
"ENSG00000168917",238.122481374079,-0.807393013558754,0.121596902805543,-6.63991429822791,3.13865591849645e-11,2.62756397501155e-09
"ENSG00000168918",16.150022148433,2.09818702232795,0.51849179330129,4.04671211663462,5.19420568734154e-05,0.000882836378407626
"ENSG00000168924",647.51749319487,-0.352314246308386,0.105016930981664,-3.35483281614752,0.000794129624349845,0.00881654663592705
"ENSG00000168994",1328.0072660922,-1.38654508902457,0.213292570294607,-6.50067223208679,7.99618823757217e-11,6.01656511721776e-09
"ENSG00000169031",44.8713077081006,-2.07798469883906,0.446785480068924,-4.65096739159585,3.30381570416872e-06,8.13263773006299e-05
"ENSG00000169032",1071.38097022052,-0.464359426228343,0.120638730396998,-3.84917368327925,0.000118516953183323,0.00178206923536575
"ENSG00000169047",3604.4463062801,-0.731015333736088,0.208246195308882,-3.51034184635069,0.000447530942913054,0.00552384397335804
"ENSG00000169057",1742.79812656193,-0.305348355328148,0.107289989024113,-2.84600975454961,0.00442708387215464,0.0342745775078205
"ENSG00000169093",606.078220483425,-0.492702875719733,0.106960929520458,-4.60638176882613,4.09735849095993e-06,9.75024424513321e-05
"ENSG00000169129",10.2481193205968,2.0049057374718,0.697299675316078,2.87524260865746,0.00403717158359985,0.0319104146885775
"ENSG00000169218",643.194333449779,-1.34818252655487,0.255634621350404,-5.27386517300756,1.33580059654719e-07,4.69185702083508e-06
"ENSG00000169271",82.8296695254718,-2.38561168013792,0.465928298627861,-5.12012618070944,3.05331290839518e-07,9.71675006892542e-06
"ENSG00000169297",9.59291057680542,3.18146257106607,1.09404562377215,2.90797979712831,0.00363771837618732,0.0294625209068056
"ENSG00000169359",842.101850862233,-0.35635822571022,0.0993088510824819,-3.58838332964142,0.000332734831660343,0.00427949954768684
"ENSG00000169410",1054.05970209714,-0.391607600735821,0.0949098312791187,-4.12610153719638,3.68964416403321e-05,0.000659981104798433
"ENSG00000169446",743.352965814524,-0.45060071175218,0.152562308423132,-2.9535520038307,0.00314139674942676,0.026286744073884
"ENSG00000169504",17322.7577960418,-0.777132594132656,0.156789181034389,-4.95654476288262,7.17578410437307e-07,2.06521715689103e-05
"ENSG00000169689",196.399851681468,-0.491802242559575,0.167258468485089,-2.94037274772379,0.00327817623085797,0.0272594654364633
"ENSG00000169692",596.265718614538,-0.634465838246987,0.122365501211669,-5.18500583877382,2.16008097943956e-07,7.13056927227074e-06
"ENSG00000169715",554.194641254197,-2.17590453661385,0.253192223684453,-8.59388374946944,8.40780885971143e-18,1.75572053548019e-15
"ENSG00000169738",627.449246972015,-2.14974352797985,0.237255914632763,-9.06086379893769,1.29421528312278e-19,3.53720456424072e-17
"ENSG00000169744",616.845546159048,1.31898037869423,0.179588847201912,7.3444448207371,2.0661490858142e-13,2.5430053483349e-11
"ENSG00000169750",73.6747392520561,-1.47868511664106,0.226163721439952,-6.53811808200927,6.22977319132594e-11,4.81721449288086e-09
"ENSG00000169764",3226.46866802453,-0.892738189846784,0.142229725134761,-6.27673426916155,3.4575826406766e-10,2.27869409138208e-08
"ENSG00000169855",1727.81330600394,1.13110117724,0.205368293778936,5.50767188267899,3.63610323267016e-08,1.48520832042143e-06
"ENSG00000169857",277.294701019294,-0.635303689443114,0.201134462000589,-3.15860187818662,0.00158527889682138,0.0153450043215757
"ENSG00000169908",952.843889719512,-1.16875656224917,0.215562085852928,-5.42190226831717,5.89681210245735e-08,2.27369819344751e-06
"ENSG00000169926",2077.74116757638,-0.911826636428626,0.201279372798926,-4.53015440056801,5.89405960836669e-06,0.000133423992474415
"ENSG00000169946",474.404067656962,0.58613227680752,0.188565413094534,3.10837638349761,0.00188118324359822,0.0175567605542831
"ENSG00000170017",6132.90041429776,-0.857507944269145,0.294437347051392,-2.91236133206795,0.00358707428069386,0.0291498799766923
"ENSG00000170035",1489.16612012104,0.333790072372216,0.10716519143022,3.1147247340062,0.0018411664149507,0.017306928147827
"ENSG00000170085",233.191641502528,-0.420295077391575,0.146493945430326,-2.86902694959138,0.00411736715266478,0.0323450723785421
"ENSG00000170113",344.070564288354,-0.341667611647293,0.105061975517442,-3.25205774938594,0.00114572740662336,0.0118651070631613
"ENSG00000170214",201.576412510075,-3.67998278394309,0.479693066727843,-7.67153632018398,1.69948339935538e-14,2.25606421264427e-12
"ENSG00000170242",2867.99071122953,-0.48388552026288,0.134299945616328,-3.60302096953382,0.000314540142781245,0.00407936395923897
"ENSG00000170315",2609.49787991284,0.391011832113878,0.0836025975088319,4.67702970679316,2.91060105804424e-06,7.28042000858037e-05
"ENSG00000170323",8.79476400480674,-3.55810001137564,1.02861497483587,-3.45911745251752,0.000541948521399666,0.00642354162641122
"ENSG00000170364",378.784420636263,-0.604660806556188,0.18756678960286,-3.22370931355413,0.00126541780937457,0.0128159687379731
"ENSG00000170365",317.078925219068,0.886112293695357,0.155796938623623,5.68761043396394,1.28829292241479e-08,5.83973755197047e-07
"ENSG00000170456",453.268003942092,0.480074074860702,0.142273068010155,3.37431448955915,0.000739997739035931,0.00834012006063237
"ENSG00000170485",287.525939286209,-1.17257243233426,0.245861406682259,-4.76924153390877,1.84920835665093e-06,4.84049821244471e-05
"ENSG00000170542",187.02434568698,-0.712711472759518,0.183905686087065,-3.8754183621169,0.000106441662506265,0.00163624342239779
"ENSG00000170584",455.709263476189,-0.607652473883156,0.119792478030089,-5.07254281634049,3.92534777168272e-07,1.20782431021065e-05
"ENSG00000170624",2121.08039267073,1.18324056666924,0.273861953695476,4.32057301389501,1.55624551174763e-05,0.000316442262974066
"ENSG00000170629",48.032423063704,0.788297348819303,0.284599005091657,2.76985279187967,0.00560816329295326,0.0409378298505642
"ENSG00000170631",136.501622665329,0.48348596456215,0.158749222175372,3.0455958015847,0.00232219784979074,0.0208593750789564
"ENSG00000170647",28.0488547427855,1.07513935799698,0.372205136754344,2.88856668495301,0.0038700196110517,0.0308555617637906
"ENSG00000170734",780.527745754593,0.41759579005389,0.112988118042018,3.69592659202088,0.000219086273928988,0.00302056261199573
"ENSG00000170745",81.2128485617309,-0.96740357436657,0.303113947652721,-3.19155084039527,0.00141511203909818,0.014035489310815
"ENSG00000170759",4439.40097664095,-0.574811786155957,0.10313415458199,-5.57343770825204,2.49760984777455e-08,1.05844344824173e-06
"ENSG00000170775",213.791994001087,-1.49295784448821,0.529782153711129,-2.81805990260341,0.00483147950448375,0.0366352699268995
"ENSG00000170776",2426.69198780491,-0.564815340572953,0.143355577547108,-3.93996069240731,8.14949610219706e-05,0.00129784391653241
"ENSG00000170791",389.21788770998,-0.722054458529647,0.13815440907227,-5.22643079854176,1.72813455244291e-07,5.90393026785874e-06
"ENSG00000170802",290.266340653952,-0.912029214290055,0.196742388243871,-4.63565184112514,3.558144201785e-06,8.66685583095337e-05
"ENSG00000170836",375.986034098382,0.626672552959949,0.153353261379853,4.08646381121098,4.37997767041172e-05,0.000765775023561635
"ENSG00000170854",360.388486102739,0.544727940146251,0.15452041486398,3.52528137221065,0.000423033202406639,0.00526243110222716
"ENSG00000170873",1487.27186314088,-1.95899448517279,0.58845347445669,-3.3290558560836,0.000871409263646777,0.00949861651898847
"ENSG00000170876",3319.6385315353,-0.352673267329334,0.120591575456017,-2.92452657655148,0.00344980620149734,0.0283422975336168
"ENSG00000170899",441.426183902766,0.744647478218212,0.177507171224366,4.19502757596757,2.72838392081907e-05,0.000511159427101033
"ENSG00000170921",2026.33715053959,-0.59677614815904,0.120125472448916,-4.96794007126859,6.76678664886755e-07,1.9650114042063e-05
"ENSG00000170989",241.928200229275,1.47812590759259,0.230418696193571,6.41495647710308,1.40863098710531e-10,9.91644200581525e-09
"ENSG00000171033",245.153955394251,1.33092989002549,0.343857572372978,3.87058479137358,0.000108574583560508,0.00166100170114039
"ENSG00000171097",68.0512212922915,0.757185528207639,0.236781464941136,3.1978243246188,0.00138468606831548,0.0137912060984154
"ENSG00000171132",401.594468468381,1.18397042564193,0.209880943583944,5.64115257642907,1.68915592428951e-08,7.49235390284498e-07
"ENSG00000171135",466.362198854334,-0.386713525216269,0.106699950796245,-3.62430837437534,0.000289735744475501,0.00383801768430305
"ENSG00000171150",1333.11243801381,0.464816320308323,0.159423673943697,2.91560411832236,0.00355000634004371,0.0289728916921978
"ENSG00000171155",543.017887424259,-0.521447487788895,0.139503991032413,-3.73786788413631,0.000185587419115412,0.00261695158138083
"ENSG00000171163",263.790767126459,0.468623650647096,0.15721210848601,2.98083687802456,0.00287461869597454,0.0246197181864917
"ENSG00000171227",14.6398550827017,2.15145105728974,0.743116369032402,2.8951738206105,0.00378948631095925,0.0303436463115802
"ENSG00000171385",119.49251514709,-1.49374638462723,0.485040573251754,-3.07963182257728,0.00207256629103523,0.0190654257557417
"ENSG00000171456",2103.7135981138,-0.307712494209348,0.0748713257613352,-4.10988440608402,3.95857226862255e-05,0.00070334670757505
"ENSG00000171469",603.303912731555,0.662315829120131,0.0957697847437418,6.91570760957997,4.65533709900982e-12,4.60209787154774e-10
"ENSG00000171492",457.486989412358,0.768085799557354,0.141195100553756,5.43988988672401,5.33135125579617e-08,2.09036209048464e-06
"ENSG00000171502",75.8200095395222,1.01218963492705,0.371389610499226,2.72541182174281,0.00642213281810688,0.0456504777419199
"ENSG00000171509",35.2187984451854,1.95604199581838,0.471655757654588,4.14718142219917,3.3659334362954e-05,0.000607338571976215
"ENSG00000171603",6718.47614147683,-0.32284109995244,0.0938602718046752,-3.43959263855827,0.000582590361278377,0.00682179874667368
"ENSG00000171604",672.315492682094,0.569976592027958,0.138342597963612,4.12003678128033,3.78811922062343e-05,0.000676293906967209
"ENSG00000171608",402.751442321563,-0.809799750255122,0.18567626635357,-4.36135304828393,1.29260598609939e-05,0.000270835200131423
"ENSG00000171617",710.671075886028,1.21924055980443,0.244802211299596,4.98051285293453,6.3415990341855e-07,1.85896873896431e-05
"ENSG00000171681",677.93815111623,0.457284637336603,0.153848244050689,2.97230975990821,0.00295568317126722,0.0251070415566525
"ENSG00000171792",330.416830205002,0.583489278266002,0.122039551139264,4.78114900308145,1.74296110453373e-06,4.56881976414094e-05
"ENSG00000171793",688.140315320246,-1.54207854542405,0.229341339381643,-6.72394497033045,1.76869253236824e-11,1.55052597707848e-09
"ENSG00000171817",33.1024748240159,1.18690628502981,0.33783798024205,3.51324112279924,0.000442675553120712,0.00547744684071133
"ENSG00000171819",254.884372679829,-5.79682248500607,1.39722521588718,-4.14881038439128,3.34207485352205e-05,0.000604206820551627
"ENSG00000171824",1107.99272217086,-0.677349490590052,0.180605766692035,-3.75043113515337,0.000176530783264969,0.0025044462648698
"ENSG00000171862",2175.01178960977,0.39839005135796,0.080571638006474,4.94454452230385,7.63220979903868e-07,2.1822249094636e-05
"ENSG00000171877",91.1577914225399,1.29752807381492,0.249005999530088,5.21083056739013,1.87997084708845e-07,6.34106319294717e-06
"ENSG00000172081",928.131720819608,-0.402173540686523,0.110031813507697,-3.65506600196489,0.0002571158219513,0.00346770504424159
"ENSG00000172123",407.910445906127,-0.642662081612603,0.202959451292582,-3.16645555316443,0.00154308925679638,0.0150305628079459
"ENSG00000172260",1335.02598862169,-1.46775657635912,0.353772742334035,-4.14886847040705,3.34122707047702e-05,0.000604206820551627
"ENSG00000172292",367.245863871797,-0.564448011251422,0.198722573194922,-2.84038195649655,0.00450595460302814,0.0347193890121385
"ENSG00000172296",157.307509380912,0.825328257957055,0.191567459801855,4.30829045188948,1.64521244597057e-05,0.000331989938201554
"ENSG00000172301",789.323198847158,0.533140974182846,0.147239855887416,3.62090122249577,0.000293578592419662,0.00387364140758062
"ENSG00000172345",427.702763540175,0.509081306352661,0.173514211811756,2.93394587703835,0.00334682563035789,0.0276693747064953
"ENSG00000172349",674.055482650904,-0.99352899309751,0.156818852951137,-6.33552008830905,2.36541991917277e-10,1.59859378901185e-08
"ENSG00000172354",2577.61981861789,-0.351858553289841,0.102564020216684,-3.43062364898021,0.000602195450182632,0.00701240754488986
"ENSG00000172379",1478.19708473219,-0.55340661897671,0.204035005294161,-2.71231212594551,0.0066815645058583,0.0470010886984771
"ENSG00000172399",18.9301365307322,-2.1807341829987,0.793860717562111,-2.74699847814057,0.00601434135612037,0.0432729079611903
"ENSG00000172403",8014.7816508389,-1.72298510173071,0.255601534178571,-6.74090281683119,1.57405468839927e-11,1.41322736154108e-09
"ENSG00000172465",395.279411343532,-1.03885214518408,0.153227902805047,-6.77978440066379,1.20355353436207e-11,1.09622095326545e-09
"ENSG00000172497",22.9678813160297,1.69667654874416,0.461878463115645,3.67342641893078,0.000239319613732454,0.00326320984682147
"ENSG00000172531",1046.19131798663,-0.364567286053709,0.127962959559306,-2.8490063633199,0.00438560033089399,0.033989316993188
"ENSG00000172602",5.81970682151,-2.02196709039857,0.7510866288693,-2.69205576651322,0.00710130699915803,0.0492087213196689
"ENSG00000172667",4210.53754290682,0.470382493308809,0.0870379206197635,5.40433974018906,6.5047551061421e-08,2.47220600506444e-06
"ENSG00000172725",1975.02453718548,-0.350699639843486,0.11772626814852,-2.97894127928233,0.00289246203711278,0.0247042311395869
"ENSG00000172732",428.08958255331,-0.314145243911317,0.103003056484386,-3.04986332089027,0.00228945530892712,0.0206350760991322
"ENSG00000172738",50.8394476068506,1.76485497332678,0.445266613356598,3.96359152109473,7.38305402455324e-05,0.00119109426255488
"ENSG00000172757",7039.16148301128,-0.399741283073267,0.144121312161066,-2.77364448796113,0.00554322184248727,0.0406393601351581
"ENSG00000172828",6.88456248893204,1.87179035083722,0.670204822423455,2.79286314901292,0.0052243789193173,0.0388380328862048
"ENSG00000172831",1197.94958745569,0.540905342748872,0.078695263062427,6.87341679409325,6.26820770734598e-12,5.91343351477284e-10
"ENSG00000172840",223.735071277822,-0.594805656879294,0.18708328857524,-3.17936284640452,0.00147599201140284,0.0144909199851674
"ENSG00000172935",2088.47664592074,-0.557716618024313,0.155527264212163,-3.58597330731353,0.000335823310442948,0.00431027363576118
"ENSG00000172939",1229.24445816727,-0.46456443249907,0.0750860353002735,-6.18709498565545,6.12830420060531e-10,3.80918172469063e-08
"ENSG00000172954",825.303334223327,-0.932662841379739,0.285619613426149,-3.26540194558765,0.00109308843586051,0.011438653479993
"ENSG00000172955",31.8202652411093,-1.00675018586094,0.314082820456925,-3.20536533770402,0.0013489114861063,0.0135000107535194
"ENSG00000172974",957.775190382887,-0.53877925396648,0.12444652343255,-4.32940382025617,1.49513550867985e-05,0.000305688596576623
"ENSG00000172985",799.899058341231,-0.888977969558836,0.192185788428145,-4.62561762151945,3.73483780373291e-06,9.04979929366052e-05
"ENSG00000172986",756.366829107728,1.56950169286959,0.15967215547801,9.82952655815897,8.40127954546093e-23,3.18648531331411e-20
"ENSG00000173039",1390.7002312999,-0.233180553310593,0.0768933258856785,-3.03252006106844,0.00242520976740626,0.0216099090123594
"ENSG00000173040",462.831877185203,-0.314528390244538,0.115834212163352,-2.71533240801934,0.00662092776912641,0.0466486521983734
"ENSG00000173065",350.126884908907,-0.409023573137131,0.132299704049298,-3.09164390106814,0.001990514771854,0.0184231658540371
"ENSG00000173068",2793.38464596547,0.874885608701912,0.107929483585411,8.10608537758415,5.2276717654834e-16,8.59790086385035e-14
"ENSG00000173083",49.7197290556525,-1.35327643127025,0.502583812244949,-2.69263831882171,0.00708891239266153,0.049141155097954
"ENSG00000173110",13.4570877569969,2.68630403404562,0.53856916372355,4.98785339931662,6.10538687326758e-07,1.803952544351e-05
"ENSG00000173114",60.5699589998721,1.08350979743903,0.310294963906762,3.49187039260038,0.000479650928275374,0.00583779469678967
"ENSG00000173221",1983.22155774674,-0.99381500163966,0.14028902510085,-7.08405380196516,1.39997514307666e-12,1.54872250202855e-10
"ENSG00000173320",81.5939720206617,1.10127553087184,0.405891117951283,2.71322894777908,0.00666310535852785,0.0469067473819091
"ENSG00000173418",648.899180101371,-0.475180050242415,0.120915439248112,-3.92985422868431,8.49973748472921e-05,0.00135015060815122
"ENSG00000173517",7990.51234665395,-0.996731947141388,0.141681489841496,-7.03501881760609,1.99234113080072e-12,2.1403271627706e-10
"ENSG00000173545",515.912545653404,-0.336549401017358,0.105432000490536,-3.1920991677244,0.00141242830872027,0.0140224252764777
"ENSG00000173548",2675.56428314045,-0.350806057068446,0.114401279118995,-3.06645222649611,0.00216615420736262,0.0197053235163163
"ENSG00000173598",3053.12457641966,-0.786006287245647,0.281527138311106,-2.7919378997028,0.00523934104077655,0.0389181267956963
"ENSG00000173611",556.661490029617,0.540627538738961,0.114169191633451,4.73531896831402,2.18710852425809e-06,5.6273118363029e-05
"ENSG00000173706",12116.8675258198,-0.714431369133033,0.196772507848499,-3.63074789737953,0.000282601122869726,0.00375689690166943
"ENSG00000173744",1773.30064317303,-0.445352578697327,0.145561168314412,-3.05955622543072,0.00221665175525293,0.0201056480582604
"ENSG00000173757",1590.83771794259,-0.511531719589353,0.0831353245710801,-6.15300081197129,7.60304160078885e-10,4.6634497739492e-08
"ENSG00000173838",47.3524552949313,-3.88507412138023,0.434981742668379,-8.93157974297355,4.19968171752223e-19,1.02698795684409e-16
"ENSG00000173914",423.107173407163,0.433254400532873,0.105576298650036,4.1037089391533,4.06578921992765e-05,0.00071827654612505
"ENSG00000173915",602.711605038785,-0.374266985470357,0.113421974429348,-3.29977491005054,0.000967624038750017,0.0103535345841768
"ENSG00000173918",992.659399454996,-1.23651459444043,0.242971680246092,-5.08913052413365,3.59708971257486e-07,1.11979752610057e-05
"ENSG00000173947",78.0315852948686,1.22901483598439,0.268030850755164,4.58534841239992,4.53230006063279e-06,0.000106220424497932
"ENSG00000174099",3079.84819670029,-0.729081091561827,0.127726173323368,-5.7081573227438,1.14205834769909e-08,5.24077886221914e-07
"ENSG00000174132",155.348379284368,-0.486637566812455,0.172316780424132,-2.82408692650053,0.00474155232800372,0.0361302788093273
"ENSG00000174136",2831.70301250684,0.956877047617953,0.166935162619396,5.7320281275886,9.92368104349828e-09,4.65527446544749e-07
"ENSG00000174238",1620.70798479559,-0.38140280593988,0.100830286537329,-3.78262146263643,0.00015518532444149,0.00225674433078645
"ENSG00000174306",3234.85251306157,-1.14157390113973,0.127677407600685,-8.94107988713269,3.85385645196839e-19,9.54985628797766e-17
"ENSG00000174370",58.862342555873,0.728105104342871,0.25228843449924,2.88600270475365,0.00390168804143843,0.0310813854479783
"ENSG00000174437",10584.2542700622,-1.3842285375023,0.206121621016707,-6.7155911673628,1.87305274418801e-11,1.63430447186545e-09
"ENSG00000174456",101.656967122812,-0.508169675198481,0.180631133187707,-2.81330059901914,0.0049035787932187,0.037038017963074
"ENSG00000174564",45.2645076776714,0.730968249919431,0.259562531823192,2.81615472304512,0.00486022538382785,0.0367632432879286
"ENSG00000174680",14.3888879438044,-3.09341489262378,0.615457089667276,-5.02620726051937,5.00275200760713e-07,1.51180725303055e-05
"ENSG00000174695",2171.4920032493,-0.358388245213111,0.0975741127782049,-3.6729849240624,0.000239733632155131,0.00326645861701108
"ENSG00000174697",115.965367677631,-3.19828694099253,0.597006442333421,-5.35720674720346,8.45183891829761e-08,3.10429696238263e-06
"ENSG00000174705",3894.3140427272,-0.651124226094793,0.233622821365897,-2.78707457725207,0.00531862373857926,0.0393796953121364
"ENSG00000174738",1115.77280092105,0.605144379246867,0.191738494573379,3.15609226302376,0.00159898272794306,0.0154454750513627
"ENSG00000174780",2123.61701679256,0.205692003861871,0.0734079523880196,2.80203979501601,0.00507806092657122,0.0380306566392355
"ENSG00000174791",200.172490836967,0.536239908345848,0.199265065895443,2.69108840496517,0.0071219319398432,0.049314867772722
"ENSG00000174804",1299.72376645983,-0.811033606880863,0.258946286570234,-3.13205343711652,0.00173588277443385,0.0164683654234826
"ENSG00000174839",272.667495842149,-0.685396298342279,0.229381291936227,-2.98802178920866,0.00280789535255909,0.0242156543514203
"ENSG00000174899",286.843273578893,-0.796785929675328,0.274502544149818,-2.90265407973945,0.00370015093324328,0.0297808051457153
"ENSG00000174944",21.3631705024318,-1.59253290503727,0.384780521002375,-4.13880853658764,3.49114141829974e-05,0.000626282463890934
"ENSG00000175048",216.712338114449,0.543961541425816,0.194920648818128,2.79068197609666,0.00525971240155421,0.0390382408078614
"ENSG00000175073",702.584206445527,-0.261024975406479,0.090450258814222,-2.88584000563895,0.00390370550325353,0.0310841331525137
"ENSG00000175130",620.191163568236,1.134515793544,0.175728425917903,6.4560744092366,1.07453790644178e-10,7.95628963793646e-09
"ENSG00000175197",434.005232482326,1.03875636060848,0.171679714863469,6.05054803029333,1.44353915838598e-09,8.33223370362761e-08
"ENSG00000175324",205.935301146847,-0.544715817385756,0.152213457272156,-3.57863113516835,0.000345398550766239,0.00441487762447768
"ENSG00000175348",1273.99752401253,-0.369835416822298,0.123311122419168,-2.99920566423137,0.00270684520969669,0.0235628656778515
"ENSG00000175471",158.253841950318,-1.78716258141939,0.468944148351016,-3.81103504053462,0.000138386147364813,0.00204769629679542
"ENSG00000175482",132.523383746034,-0.700156660268189,0.161623400277558,-4.33202530738618,1.47743954375386e-05,0.000303128023347198
"ENSG00000175489",9.24973728350207,3.39959406088996,0.838138845254356,4.05612277743583,4.98940392491692e-05,0.000853849649581777
"ENSG00000175538",105.05642689408,1.1874248753436,0.258136822851973,4.59998252951506,4.22526375045047e-06,9.96529527945711e-05
"ENSG00000175741",220.060414027398,-1.13165622854979,0.1852057120061,-6.11026634271688,9.94650035909351e-10,5.98238541015381e-08
"ENSG00000175928",11.3934856864641,2.1698015745638,0.651920065237237,3.32832457576559,0.000873700098815054,0.00951800488656376
"ENSG00000175946",46.1875385823901,-1.01590116646538,0.255831658325138,-3.97097518390107,7.15790357911785e-05,0.0011628464861705
"ENSG00000176095",1396.94275274762,-0.246247123980492,0.0896650631065029,-2.74629956695623,0.00602717014821373,0.0432824409600279
"ENSG00000176148",485.726473791203,-0.345975530735676,0.100502003669246,-3.44247396175591,0.000576419353115049,0.00676737440154339
"ENSG00000176225",173.768563052937,0.681123418876021,0.145034459278566,4.69628681531327,2.6493346639419e-06,6.68992999040221e-05
"ENSG00000176293",145.132789273426,1.15110053660125,0.230731213186833,4.98892421490086,6.07164584407251e-07,1.79683977726254e-05
"ENSG00000176371",114.58695128596,0.710819628692983,0.178199432693664,3.9888995040457,6.63805343495759e-05,0.00109466036458462
"ENSG00000176390",220.852787863405,-0.746337178512921,0.153569217918304,-4.85993995821453,1.17421359128261e-06,3.20922935205696e-05
"ENSG00000176531",185.599758140747,0.827510983086105,0.178883463276967,4.62597809728708,3.7283470033127e-06,9.04586541208441e-05
"ENSG00000176771",107.652179101487,2.20626009936626,0.286757702017465,7.6938128735314,1.42813879906746e-14,1.90949349501214e-12
"ENSG00000176845",1138.90866252896,0.555717519201457,0.150319327458939,3.69691328850082,0.000218236842917567,0.0030110851712123
"ENSG00000176890",153.230203172321,0.912994097697597,0.333779531641215,2.73532080654661,0.00623195069971706,0.0445122228110075
"ENSG00000176909",52.459835132426,1.11581724210991,0.297644670636329,3.74882318478751,0.000177666283985521,0.00251863301897095
"ENSG00000176915",1393.86309856724,-0.310146134140773,0.0842077251947108,-3.68310785529038,0.000230407614760821,0.00315093857272249
"ENSG00000176928",260.114060580491,-1.96447199678853,0.514233217259087,-3.82019661674008,0.000133345333713831,0.00198416575426065
"ENSG00000176971",2618.73034948469,-1.27723915911849,0.250293564648627,-5.10296443662677,3.34373857006308e-07,1.05327764956987e-05
"ENSG00000176974",157.213245250932,-0.912901009094278,0.192873388737636,-4.73316207626803,2.21048838529901e-06,5.65866758137496e-05
"ENSG00000177054",205.76444319714,-0.586547874030711,0.155421880540072,-3.77390797224,0.000160710064677197,0.00231714239877867
"ENSG00000177192",130.792010584979,-0.655552188495771,0.244091271032101,-2.6856846855845,0.00723813601166773,0.0499149379505917
"ENSG00000177283",115.085170511591,-2.46976989029535,0.277147100056245,-8.9114044122927,5.0390152317272e-19,1.21623504002143e-16
"ENSG00000177409",815.800158281047,0.576663424691965,0.128125651348129,4.50076482440755,6.77093876702564e-06,0.000151247472337946
"ENSG00000177425",464.51468965252,-0.947477464729633,0.267478974367875,-3.54225025338451,0.000396728900912072,0.00498526478935149
"ENSG00000177426",1029.21744633036,-0.931005776489615,0.154618694865716,-6.02130148167517,1.73020139958496e-09,9.6274829375109e-08
"ENSG00000177432",131.871311388841,0.579576345900439,0.199196154037097,2.90957598404486,0.00361919399219589,0.029346736625201
"ENSG00000177469",19540.3739335492,-0.64397477411146,0.150056934409844,-4.29153625351696,1.77441225462077e-05,0.000355360471466887
"ENSG00000177570",102.12210509286,2.02795119424793,0.368964716285324,5.49632825237332,3.87780396990194e-08,1.57700189891964e-06
"ENSG00000177575",10.1021400184677,-4.40669478598646,0.927360576549363,-4.75186771728364,2.01546219236836e-06,5.23147553703435e-05
"ENSG00000177595",504.939878378709,0.722919032287859,0.249051043055393,2.90269425664308,0.00369967632127686,0.0297808051457153
"ENSG00000177606",3149.92922256505,1.07811030886525,0.328373261565497,3.2831854327159,0.00102641125540925,0.0108694320124108
"ENSG00000177614",133.150339732154,2.47608832687806,0.346587121426692,7.14420177150692,9.052035521858e-13,1.03846963070204e-10
"ENSG00000177628",2772.05885792479,0.284941231103471,0.0843240508783013,3.37912171125063,0.000727178069370564,0.00823057516397803
"ENSG00000177663",926.999279635609,-0.483494456789382,0.157346452050031,-3.07280177271266,0.00212059300790837,0.0194335409526514
"ENSG00000177666",1701.23387978068,-1.1049742775217,0.104992523702987,-10.524313908746,6.67459189349129e-26,3.64844971589811e-23
"ENSG00000177674",751.373295308449,-1.10956657934516,0.153127033784208,-7.24605284857018,4.2909273931769e-13,5.17836919494758e-11
"ENSG00000177706",1898.66238539391,-0.96340790378626,0.22720385118466,-4.24027981375742,2.23241325064352e-05,0.000433083510054382
"ENSG00000178015",22.9769592996899,-2.60052158815874,0.537133484607426,-4.84148105206917,1.28874966202141e-06,3.49655656476904e-05
"ENSG00000178028",424.700820643446,0.473437912870822,0.158613265225626,2.98485698656642,0.00283710934593485,0.0243996655225355
"ENSG00000178038",34.8216106431077,1.06077613151359,0.336231333177788,3.15489969803822,0.00160553291398809,0.0155006904968668
"ENSG00000178053",153.800876319623,0.742252993759212,0.266714520948474,2.78294931644388,0.00538672203445645,0.0398218890256058
"ENSG00000178184",59.419312449312,1.12723633030462,0.389053025045264,2.89738482350439,0.00376287876957411,0.0301435784191961
"ENSG00000178209",20319.6373232885,-0.843559625506374,0.254691009775078,-3.31209030994591,0.00092601647526215,0.00995373984542918
"ENSG00000178301",84.8581919015469,0.895464431674512,0.293706522230752,3.0488408118189,0.00229726175456455,0.0206953997617946
"ENSG00000178307",373.662887477732,-0.390732153811524,0.12877490497433,-3.03422591450884,0.00241153770355172,0.0215369669488269
"ENSG00000178425",456.156270553556,0.727048796851192,0.126769525914309,5.73520167096505,9.73963854492798e-09,4.58256157867055e-07
"ENSG00000178449",222.264356122612,-0.475539569550783,0.154531165133303,-3.07730527457402,0.00208881262305181,0.0191801297427954
"ENSG00000178567",670.520408226995,0.284204586753722,0.0879015898352253,3.23321327050481,0.00122406143915707,0.0124926863518584
"ENSG00000178605",379.091868944123,-0.394132001113315,0.12844920865308,-3.06838792738537,0.00215217037609776,0.0196165210592334
"ENSG00000178662",37.9032472274091,1.28777462697082,0.330361377367671,3.89807863507486,9.69589341540118e-05,0.00150919748011081
"ENSG00000178695",2649.85014895882,2.4999126498667,0.178932897388466,13.9712299211215,2.33558107490589e-44,4.82297491968066e-41
"ENSG00000178723",34.4926737456492,-3.61359560375563,0.541593178977446,-6.67215863127795,2.52067883457672e-11,2.1489365202114e-09
"ENSG00000178734",14.3865287224361,1.65741523052787,0.504361871879249,3.2861628186769,0.00101562285838111,0.0107736020679297
"ENSG00000178764",835.560429144114,0.653341281456097,0.157411682371724,4.15052600678802,3.31712073291633e-05,0.000603216133280332
"ENSG00000179082",29.3949385089967,1.13744503618075,0.410579369726856,2.77034142494168,0.00559975598315028,0.0408925206077988
"ENSG00000179094",776.596665468835,-3.18385728117598,0.201515441016327,-15.7995698251134,3.13246794507671e-56,1.94056389197502e-52
"ENSG00000179222",4792.95170026134,0.648924222502017,0.126190466138358,5.14241877663342,2.71223712010906e-07,8.74765074086365e-06
"ENSG00000179241",290.00369090641,-0.5434752420903,0.18776670181206,-2.89441757694757,0.00379862622868699,0.0303776642565976
"ENSG00000179242",58.3371744439513,-1.38765428978393,0.478308861521183,-2.90116784658917,0.00371774683151564,0.0298592588002239
"ENSG00000179294",38.6109838515311,-1.02773731559037,0.274000370631225,-3.75086104162099,0.000176228350600872,0.00250206561949367
"ENSG00000179295",7618.94575809132,-0.493385513093333,0.115607482628733,-4.2677645241858,1.97441579642597e-05,0.000389506777259649
"ENSG00000179300",68.2352102954452,-3.01876191255037,0.647618172054487,-4.66132984343805,3.14172750491814e-06,7.76497534399579e-05
"ENSG00000179388",47.744017256153,1.85487461236978,0.420797361926897,4.40799962213647,1.04329727254123e-05,0.000222933937110896
"ENSG00000179431",159.709844637492,-0.617433976360066,0.210493195628985,-2.93327285243155,0.00335408983439929,0.0277047820321382
"ENSG00000179593",67.2430476358842,-9.60973810157969,1.08887136220128,-8.82541173840083,1.09057825614085e-18,2.50227122103429e-16
"ENSG00000179632",1879.74019701364,-0.2739932808688,0.0862431735903887,-3.17698513937032,0.00148814661138978,0.0145871333189235
"ENSG00000179820",3784.35383489187,-1.48886420804246,0.196862105270636,-7.56298021905055,3.93937530522426e-14,5.11981049283866e-12
"ENSG00000179862",55.1843052120303,-1.45910364515431,0.346782724830683,-4.20754420759201,2.58160910911349e-05,0.000487234043632745
"ENSG00000179899",845.443031645644,0.324262543972127,0.116763497573501,2.77708830851017,0.0054848274774478,0.040290718841252
"ENSG00000180139",22.2360762935973,-1.5433322224509,0.492575966806212,-3.13318620162821,0.00172919706688189,0.0164384283826087
"ENSG00000180182",889.880380852073,-0.277222900677231,0.0907601062612814,-3.05445764771537,0.00225467846807795,0.0203710254395861
"ENSG00000180354",1295.13979614775,-0.453203031006846,0.160844957923995,-2.8176390286415,0.00483781649709332,0.0366683603582705
"ENSG00000180488",468.651303873485,-0.476433948295351,0.149454663683911,-3.18781586704437,0.00143351791569463,0.0141938894316381
"ENSG00000180611",111.622844453866,-0.545185562833757,0.179842806585234,-3.03145604311605,0.00243377353987579,0.0216523127039692
"ENSG00000180628",946.328044949167,-0.413178385451723,0.151991723228411,-2.71842687664515,0.00655931524396283,0.0463340455374569
"ENSG00000180667",221.061282361442,-0.444613839270536,0.159897711110843,-2.78061415752428,0.00542561800225977,0.0400177265116185
"ENSG00000180672",133.247860489954,-1.2937194283612,0.30886655162574,-4.18860320598531,2.80676660534559e-05,0.000523732503617951
"ENSG00000180694",820.070172601781,-0.691495446003791,0.229132754677781,-3.01788125829591,0.00254548622705172,0.0224345515411401
"ENSG00000180773",449.146274057532,-0.324423814565263,0.115024981929605,-2.82046394724766,0.00479542617250009,0.0364511228694946
"ENSG00000180881",98.4418601984209,0.659869822930245,0.203119396584866,3.24867951571796,0.00115942025034601,0.0119776683450143
"ENSG00000180891",1090.02451789004,-0.553508062947807,0.110808252373707,-4.99518809376281,5.8778450687517e-07,1.74736703395027e-05
"ENSG00000180938",37.592448072072,0.789238672306652,0.270022321997944,2.9228645486304,0.00346827357202752,0.0284331117495066
"ENSG00000180957",1121.49433520603,-0.331888044703926,0.0877297948761846,-3.78307102133692,0.000154905190562209,0.00225620138448171
"ENSG00000180992",340.142278020004,0.440300815799269,0.160710929647338,2.73970673161719,0.00614940278745428,0.0440725863285653
"ENSG00000181019",2668.46988499454,0.726291336011144,0.243401597683006,2.98392181039431,0.00284579483600679,0.0244509893518943
"ENSG00000181027",534.623978974294,-0.63969909535477,0.102180026876096,-6.26051014970345,3.83720096378662e-10,2.5199427530733e-08
"ENSG00000181045",309.114765375193,0.351873896724354,0.113092061997645,3.11139341266659,0.0018620668206886,0.0174340110138528
"ENSG00000181061",2420.90428250501,-1.21028169752674,0.128067095373299,-9.45037204130319,3.37628501108773e-21,1.14087739874664e-18
"ENSG00000181072",2959.24041178478,0.708139781628105,0.234239863477721,3.02313949092383,0.00250166901141042,0.0221397707509822
"ENSG00000181192",582.629722528429,-0.755249733191511,0.144176335489927,-5.23837515099194,1.61996507646341e-07,5.56507411202819e-06
"ENSG00000181467",630.874185291974,1.27247507719428,0.118312698010343,10.7551860332273,5.60208661625804e-27,3.59016481941916e-24
"ENSG00000181472",570.165969281763,0.590317619494311,0.15986490539711,3.69260293888732,0.000221970446885077,0.00305353127709782
"ENSG00000181481",392.109035385433,-0.459967354063149,0.139759782473103,-3.29112814805411,0.00099786445051003,0.0106215984036248
"ENSG00000181634",26.8284864165412,2.60400358050067,0.510098781897796,5.10490060535454,3.30968428879271e-07,1.04432058586099e-05
"ENSG00000181800",44.5030151559632,-0.900772336674255,0.296385872437947,-3.03918783059691,0.00237216904546089,0.0212261731872367
"ENSG00000181819",81.5716613981552,-0.63483259254381,0.186233701759743,-3.40879543576273,0.000652503890771664,0.00751349740395996
"ENSG00000181826",154.489883187331,-0.984127941634488,0.202655121873893,-4.85617107791081,1.19677314916322e-06,3.2660835502494e-05
"ENSG00000181827",779.306101757565,0.558026959415309,0.121798237411214,4.58156843051272,4.6150153766205e-06,0.000107886868898732
"ENSG00000181830",731.194695860722,-0.616869433146648,0.121368839459333,-5.08260139830489,3.72300448164881e-07,1.15512584793728e-05
"ENSG00000181852",1214.65738241249,-0.443309282400884,0.112734096519539,-3.93234430476009,8.41214629784292e-05,0.00133738014495646
"ENSG00000181904",1281.25131531466,-0.307226397097832,0.102226420500228,-3.00535219363517,0.00265273489889791,0.0232055585807848
"ENSG00000182010",118.307066785441,1.901755388495,0.255047815580583,7.45646609113628,8.88739548801568e-14,1.13911893203291e-11
"ENSG00000182054",850.731461278087,-0.588900429686703,0.169189922167481,-3.48070631005876,0.000500093515342678,0.00603130303870452
"ENSG00000182158",3001.5954667856,-0.552212605845932,0.191062143073122,-2.89022512238121,0.00384966034229867,0.0307459980496866
"ENSG00000182197",5290.24632370394,0.844504802341247,0.122435837757669,6.89752949632879,5.29146590071117e-12,5.14879024946162e-10
"ENSG00000182199",1346.21555374786,0.701464806872098,0.106839387349888,6.56560117267309,5.18233523160182e-11,4.06386921009788e-09
"ENSG00000182217",158.128687631005,0.528816475258818,0.149635014011995,3.53404234129604,0.000409255511473839,0.00511844796819738
"ENSG00000182263",170.665366168306,0.5332970830356,0.188148201943673,2.83445218995638,0.00459043261403927,0.035195210450462
"ENSG00000182272",49.2893071445037,0.872341375688861,0.306662285499699,2.84463208205535,0.00444627473745724,0.0343735507469396
"ENSG00000182379",20.17809896809,1.21831881277211,0.389083437081058,3.13125334224468,0.00174061934192862,0.0165048012600732
"ENSG00000182446",2003.29190985703,-0.249339521171131,0.0714137571686234,-3.49147742755484,0.000480357052598064,0.00584256271108312
"ENSG00000182473",1811.84173880088,0.396161805966041,0.144000405536328,2.75111590478194,0.00593926248289481,0.0427999973806126
"ENSG00000182551",1372.69294178038,-0.548706695076458,0.146829019857741,-3.73704527625455,0.000186195405862907,0.00262353420618811
"ENSG00000182552",978.40682352807,-1.12557025656847,0.170104125548415,-6.6169486068585,3.66688903313266e-11,3.02885034136758e-09
"ENSG00000182575",282.979660749764,-1.2638558019139,0.423404935725722,-2.98498126798554,0.00283595690060641,0.0243996655225355
"ENSG00000182580",426.12530158249,1.45260756398838,0.301551740085118,4.81710887683273,1.45653221232029e-06,3.900526104607e-05
"ENSG00000182621",270.181653890777,0.754256255462144,0.185608346341836,4.06369794423483,4.83013240268775e-05,0.000828882831984781
"ENSG00000182670",6546.20556365777,0.543103062379239,0.1251678493552,4.3389981147477,1.43133750432808e-05,0.000294263357499308
"ENSG00000182704",1014.92688753461,-0.966382707020909,0.244006619990808,-3.96047741269198,7.48000683569075e-05,0.0012046440818138
"ENSG00000182718",25279.2258967989,-0.666836834574377,0.107218211180608,-6.21943629940906,4.98944130698693e-10,3.15183882400051e-08
"ENSG00000182732",5.22400635191703,2.58347423875562,0.804065188137564,3.21301590576215,0.00131349015252843,0.0132181961065375
"ENSG00000182809",811.626088078047,-0.660556015953694,0.138990329592529,-4.75253219335628,2.00884771369184e-06,5.22159926698782e-05
"ENSG00000182836",24.8482764730387,-3.29347479488643,0.820441957448944,-4.01426909604557,5.96302858636944e-05,0.000995713263950368
"ENSG00000182916",401.643993352643,0.527440912193129,0.121128031421296,4.354408356218,1.33426783411984e-05,0.000277065560861646
"ENSG00000182952",876.070312038968,-0.287440073901397,0.105926156014811,-2.71358920889386,0.00665586447411134,0.0468735283256382
"ENSG00000182957",461.46345208903,0.533461912992924,0.191728570106289,2.78238090805762,0.00539616657000036,0.0398758471981935
"ENSG00000183010",240.376936379501,0.689089759204748,0.228939435739576,3.00992162830612,0.00261315107589003,0.0229515183106882
"ENSG00000183023",914.500521966261,0.814260001224898,0.262046769479521,3.10730791622498,0.001887996349461,0.0175969970685721
"ENSG00000183044",498.690421563468,-1.15804232995104,0.0969897819693953,-11.9398384699581,7.33655322887648e-33,8.02057892698055e-30
"ENSG00000183049",315.306904848783,0.775429725702995,0.152719153960388,5.0774883542383,3.82456941002393e-07,1.18072462600157e-05
"ENSG00000183092",4.67312382142816,3.37269157881292,1.08333163359393,3.11325864973045,0.0018503377940309,0.0173555850005838
"ENSG00000183160",2987.67071981722,1.16914762377727,0.112145760160429,10.4252503358554,1.90157919143503e-25,9.81690257578333e-23
"ENSG00000183287",6313.41132312804,-0.613782499300863,0.167117900884475,-3.67275136925732,0.000239952923350144,0.00326705134099812
"ENSG00000183291",3197.19917433687,-0.400624768569604,0.120800920543979,-3.31640493106798,0.000911836049565823,0.00982404230793091
"ENSG00000183454",5.80417114112773,4.35970435156809,1.20931323777838,3.60510760601385,0.000312023615630884,0.00405550131307235
"ENSG00000183496",171.526821513788,1.63570702327384,0.387752962748048,4.21842559675471,2.46014124146776e-05,0.000468940768950547
"ENSG00000183508",90.0360052786607,2.46777777847947,0.333875039682398,7.39132155799058,1.45376567330992e-13,1.83797517268469e-11
"ENSG00000183621",496.401922215464,-0.704595397278907,0.15267324925271,-4.61505470491846,3.9299178758884e-06,9.39993870313848e-05
"ENSG00000183655",136.044456552842,-0.648029605714214,0.189345145355586,-3.42247805982682,0.000620531055496315,0.007189881338154
"ENSG00000183666",113.758790692083,0.451811268253854,0.165994855932574,2.72183897335575,0.00649197672371173,0.0460509112252605
"ENSG00000183688",1153.09663673123,-0.769466118349565,0.206934744537876,-3.71839982728819,0.000200488765977027,0.00279946184499102
"ENSG00000183722",3013.23853843146,-0.692382739510574,0.0874807661631151,-7.91468536317537,2.47879156328099e-15,3.83902843363143e-13
"ENSG00000183723",519.333166608823,-0.815975944122789,0.194425184958597,-4.19686340685005,2.70637045526302e-05,0.000508059544556193
"ENSG00000183726",2457.92298891909,-0.69108662863948,0.12508342448316,-5.52500566318057,3.29474983537352e-08,1.35771453859017e-06
"ENSG00000183775",75.7120149992736,0.940543792149135,0.336230931437259,2.79731489345335,0.00515292846506995,0.038399027876233
"ENSG00000183801",1368.9219054175,1.00724650891346,0.249373761886746,4.03910379862219,5.36558184115798e-05,0.00090653944107201
"ENSG00000183876",193.711245126177,1.63939366133486,0.424940563836534,3.85793638181716,0.000114348400271557,0.00173059040638998
"ENSG00000183941",158.128687631005,0.528816475258818,0.149635014011995,3.53404234129604,0.000409255511473839,0.00511844796819738
"ENSG00000183963",1376.0429343121,0.915202277376886,0.173991028437983,5.2600544154097,1.44012777363527e-07,5.01213008857892e-06
"ENSG00000184007",3912.23933810899,-0.262539905093295,0.0717056178164567,-3.66135754893449,0.000250882342767148,0.00339348496384821
"ENSG00000184009",52170.6600084671,-0.615319804580381,0.147376620177846,-4.17515209561629,2.97787029144407e-05,0.000550683774790926
"ENSG00000184156",16.2914180483717,-2.51460912335022,0.566559150622992,-4.43838762569652,9.06352836350478e-06,0.00019724317873037
"ENSG00000184185",43.56754558639,-0.915807297499942,0.299460727103453,-3.05818831857562,0.00222679589849195,0.0201779628344578
"ENSG00000184205",736.460243121389,0.528300637137141,0.170042915619118,3.10686649434129,0.00189081769619869,0.0176144595909035
"ENSG00000184227",215.175689353221,-0.860228489671898,0.186572254545825,-4.61069890464668,4.01317447389325e-06,9.57443486486598e-05
"ENSG00000184304",777.541361597905,-0.714142145897008,0.119253194776144,-5.98845294868252,2.11846403855072e-09,1.16140572732935e-07
"ENSG00000184307",101.191817912381,-1.71022317411919,0.357544380654413,-4.78324724608724,1.72485744510294e-06,4.52775079339521e-05
"ENSG00000184319",783.78938444906,0.472992341299584,0.173905534746248,2.71982339141618,0.00653167913033638,0.0462442882427816
"ENSG00000184371",3057.36284995106,-0.394755766736027,0.132300131578039,-2.98378967600025,0.00284702399556089,0.0244509893518943
"ENSG00000184465",428.414345208041,0.463742416225863,0.142490937889714,3.25453971385039,0.00113576279043379,0.0117922633855933
"ENSG00000184517",180.242343451612,0.507301255715438,0.134503409481497,3.77166093908739,0.000162164512293399,0.00233268379332262
"ENSG00000184564",43.2170676125144,2.97365140485494,0.683367275923952,4.35146883618972,1.35228544524426e-05,0.00028038008494304
"ENSG00000184575",3452.18041024706,0.586222800896367,0.100495619152713,5.83331697280799,5.4336204652921e-09,2.67153006210195e-07
"ENSG00000184743",3489.01614745955,-0.770100477776442,0.204728443227203,-3.7615705255073,0.000168849796048697,0.00241142088827502
"ENSG00000184785",275.759746780512,-0.584387521353223,0.193384536464855,-3.02189374619117,0.00251198705974802,0.0222205042862527
"ENSG00000184788",75.211465513309,-0.948686977907873,0.270531311316915,-3.50675481255672,0.000453606902414912,0.00557927483876978
"ENSG00000184867",1439.95749418244,0.392868282056608,0.128873785772929,3.0484731995755,0.00230007427946528,0.020710697908848
"ENSG00000184898",750.628689164904,0.696630204582823,0.172955290715789,4.02780511483496,5.62999797861265e-05,0.000946053457798518
"ENSG00000184916",28.9463991388599,1.15649894439459,0.412016454032402,2.80692417275074,0.00500170138111993,0.0376342591773741
"ENSG00000184949",50.8006804839343,0.776985745772297,0.252159124114872,3.08133107814231,0.00206077369102552,0.0189789291614021
"ENSG00000185022",648.341698714604,-1.29751152530444,0.187152942278999,-6.93289407852414,4.12316934846474e-12,4.1198442118934e-10
"ENSG00000185112",706.041444761291,-1.23143830772379,0.304429145748892,-4.04507362359957,5.23066832868723e-05,0.00088778055606075
"ENSG00000185122",1086.7839808777,-0.413858846377814,0.113554483336121,-3.64458394084531,0.000267824714794,0.00358869670111499
"ENSG00000185189",1346.53507785704,-0.486590932788328,0.146043079848737,-3.33183149309306,0.000862764792827673,0.00941543374909119
"ENSG00000185215",855.036816780205,0.862026609300771,0.213319005072699,4.04102114111676,5.32189599387182e-05,0.000900796330110271
"ENSG00000185219",614.817183551142,0.470178476355286,0.099694941183935,4.71617186159743,2.40323457383357e-06,6.11837185680779e-05
"ENSG00000185222",2787.10679694467,-0.666427603616566,0.135666349136483,-4.91225427571671,9.00351836360754e-07,2.53147335533504e-05
"ENSG00000185252",140.282086884694,0.803458617342575,0.21099693952632,3.80791597805309,0.000140142870195963,0.00206874919983476
"ENSG00000185262",384.2659415607,-0.906843566844522,0.214789336171107,-4.22201391842892,2.42129154270905e-05,0.000463436697438185
"ENSG00000185267",48.7414413763569,0.776058412399203,0.289011739893714,2.6852141462648,0.00724833480025715,0.0499547351096567
"ENSG00000185338",222.262668967066,1.17208742143629,0.304699825712296,3.84669541144733,0.000119721651040392,0.00179727535103852
"ENSG00000185344",447.988309181844,-0.463181018051675,0.111216599831424,-4.16467522612396,3.1179608436243e-05,0.000571472409060725
"ENSG00000185418",197.565832596306,0.816119881675847,0.242085296385987,3.37120797445956,0.000748393361925186,0.00841433190041112
"ENSG00000185432",3885.6492404017,-2.32574937133417,0.259324273309271,-8.96849855840711,3.00583679891092e-19,7.54911850104856e-17
"ENSG00000185499",393.264226746219,-0.798629477728344,0.240493764052809,-3.32079079419696,0.000897627945538668,0.00971602525791272
"ENSG00000185532",1385.29943945364,0.511927920336467,0.138216671583748,3.70380732273877,0.000212387599629416,0.00294129920947295
"ENSG00000185551",3176.42995951529,-0.803039690080933,0.199238190351998,-4.03055101364948,5.56462497267193e-05,0.000935914525946677
"ENSG00000185561",169.294258004465,-0.971514924251343,0.282350104397959,-3.44081659301261,0.000579961508155034,0.00680466201329628
"ENSG00000185650",3949.6421077083,0.663949067285338,0.18148796498094,3.65836416400982,0.000253830212067636,0.00342836808959085
"ENSG00000185716",425.482274087428,-0.868449921583468,0.152057778216099,-5.71131534191732,1.12106295501189e-08,5.16996402453994e-07
"ENSG00000185745",237.715593495462,1.63085741861921,0.353081290093293,4.61892902393183,3.85725759571672e-06,9.27388517676524e-05
"ENSG00000185813",468.253727549524,-1.12216948643948,0.154752951183386,-7.25136081643884,4.12604885741324e-13,5.0119358179755e-11
"ENSG00000185875",68.1381368116132,0.814594994861061,0.243314091923778,3.34791539783172,0.00081421863130358,0.00899444980958624
"ENSG00000185880",580.637249737032,0.43158615390499,0.156155129714918,2.76382949886377,0.00571273814971259,0.0414893468200111
"ENSG00000185950",1974.88307917017,-2.16283209120193,0.211701291464977,-10.2164331461329,1.67387077305442e-24,7.77722207930411e-22
"ENSG00000185972",13.4505961000108,1.39227192983728,0.468854458136761,2.96951837755837,0.00298266971075889,0.0252311864244215
"ENSG00000186063",3657.25564046682,-0.372596051235003,0.101749769605359,-3.66188594509976,0.000250365326945455,0.00338895819466955
"ENSG00000186073",326.376390737352,0.661010210097788,0.156158268252682,4.23295043864215,2.30645346976799e-05,0.000445123964025318
"ENSG00000186198",52.6273494217319,1.58685106739115,0.438657459757746,3.61751756887369,0.000297442146291219,0.00391799211217963
"ENSG00000186260",572.003405757739,0.436800028830858,0.125965056431942,3.46762857258638,0.000525072490050292,0.00626346099331494
"ENSG00000186310",79.2763980615152,0.977743337390032,0.270759220738865,3.6111174153992,0.000304880585318702,0.00398901645837985
"ENSG00000186314",38.5694776321026,-1.17695265971918,0.367120733442614,-3.2059008181927,0.00134640387262524,0.0134894425729057
"ENSG00000186340",14436.1253674321,0.555906185532387,0.195040610055236,2.85020737668403,0.00436907324890545,0.033875355165168
"ENSG00000186469",277.748160558649,1.05644279341411,0.333508422329417,3.16766451064504,0.00153668739883061,0.0149839114938441
"ENSG00000186575",2624.00223308639,-1.04187034925055,0.247815350320222,-4.20422039193404,2.61983573374351e-05,0.00049330949454532
"ENSG00000186594",1373.78509497533,-0.836173266636416,0.140465522642323,-5.95287192833519,2.63477479180684e-09,1.39507947309772e-07
"ENSG00000186665",257.766666329821,0.708172065729303,0.199823247632437,3.54399237386004,0.000394116645211375,0.00495914546462655
"ENSG00000186918",1755.79061917856,-0.779079465112444,0.172505400073054,-4.51626131577629,6.29409869328206e-06,0.000141444523273336
"ENSG00000186998",5.03988401752781,2.21103502498852,0.77841065253625,2.8404480562855,0.00450502090714591,0.0347193890121385
"ENSG00000187079",8423.28818844086,-0.732294305864446,0.157174936364591,-4.65910356194309,3.17589402871616e-06,7.83851135772774e-05
"ENSG00000187109",12098.0627557556,-0.461438138671886,0.106899173296433,-4.3165735004546,1.58469929415917e-05,0.000321524414650089
"ENSG00000187134",13932.1797816741,-0.9740199171314,0.279580144250279,-3.48386656621602,0.000494225818333677,0.00597216309085266
"ENSG00000187189",489.612295399912,0.450242432872029,0.113207537014309,3.97714184714679,6.97485622262696e-05,0.00114008533770908
"ENSG00000187193",37.3831222408412,-3.17271093547453,0.379885627369656,-8.35175301956676,6.72571855125998e-17,1.28863380696048e-14
"ENSG00000187239",1852.06374818396,-0.840484684552213,0.22512653590844,-3.73338789743579,0.000188921299707848,0.00265590193273098
"ENSG00000187288",22.4448024418943,-3.78636904284487,0.63724410360198,-5.94178748997859,2.81930760066292e-09,1.48013649034803e-07
"ENSG00000187446",2396.36888371286,-0.454436552642678,0.100218316842332,-4.5344660233879,5.77493968192078e-06,0.000131367507941858
"ENSG00000187479",42.870487694827,-1.09485386073889,0.341532417812445,-3.20570992279902,0.00134729732720982,0.013491121134803
"ENSG00000187498",2283.83180964209,-1.34323905262836,0.247471309369234,-5.42785770217999,5.70344817775035e-08,2.20830384132271e-06
"ENSG00000187607",167.756493274769,0.518132239837321,0.16475981787061,3.14477307958804,0.00166215702334851,0.0159479547129231
"ENSG00000188015",121.007731181403,0.825399757827774,0.230592261928738,3.57947725966128,0.000344282204568192,0.00440363714514787
"ENSG00000188042",1231.9763688535,0.799543638949159,0.155245112521069,5.15020167762543,2.60206506430188e-07,8.47179948436474e-06
"ENSG00000188112",321.11371528547,-0.627865456167982,0.198358373969034,-3.16530854536042,0.00154918576686767,0.0150766430018337
"ENSG00000188153",441.021862342185,0.910758628440956,0.296930715777364,3.06724289555761,0.00216043224746957,0.0196725297987369
"ENSG00000188176",56.1464843859419,3.06160683328051,0.678876998379753,4.50981082079304,6.48854622661141e-06,0.000145463970592971
"ENSG00000188215",562.774595734038,-0.751265584681359,0.118531745760953,-6.33809600844367,2.32621865146482e-10,1.5778384539224e-08
"ENSG00000188312",76.954887366423,1.31979147203337,0.259715439642652,5.08168275959757,3.74105832780134e-07,1.15686470918782e-05
"ENSG00000188428",201.100927939298,0.344470149500173,0.121447456884354,2.83637186267463,0.00456292840524511,0.0350303224590255
"ENSG00000188483",318.547795371472,0.676701023291617,0.229284995534964,2.95135327853769,0.00316384819407586,0.0264389022872751
"ENSG00000188501",7.45189833914541,2.9191444202444,0.7669247415658,3.80629840456639,0.000141062172734322,0.00207910554219916
"ENSG00000188536",8.68260344217088,2.28346687677092,0.687465866678802,3.32157127713484,0.000895121163071275,0.00970019056307851
"ENSG00000188596",27.8945075290442,1.07891372325077,0.373800625787614,2.88633471647474,0.00389757404863994,0.0310619269699714
"ENSG00000188613",110.836295857972,-0.70115251034111,0.222672033505499,-3.14881262502053,0.00163935271409611,0.0157535523223765
"ENSG00000188706",1589.82921394637,-0.755021726445779,0.132802571030632,-5.68529449833939,1.3058742838708e-08,5.89645014061143e-07
"ENSG00000188916",53.158722797025,-2.49281469233881,0.605475403831839,-4.11711966590661,3.83636902254308e-05,0.000683771459823262
"ENSG00000189007",169.747790008257,1.08592695809339,0.208383403405871,5.21119695880154,1.87626126532478e-07,6.34005738473837e-06
"ENSG00000189067",5385.51042448506,0.370960121445239,0.135745805446211,2.73275568424272,0.00628069017571573,0.0448086859561139
"ENSG00000189077",437.521160170381,-0.380615995900767,0.117697181195878,-3.23385821167056,0.00122130071999011,0.012478215437612
"ENSG00000189184",6487.77889101998,0.898467840668285,0.128064633603796,7.01573740840854,2.28739302649906e-12,2.40176267782401e-10
"ENSG00000189221",2341.76725275591,-3.30520054774632,0.228111111480056,-14.4894324800802,1.41305479070276e-47,3.75166046931582e-44
"ENSG00000189241",1379.06051463882,0.242648182873811,0.0877175678073536,2.76624385444336,0.00567061135300803,0.0412478716225653
"ENSG00000189266",1692.29633923379,-0.413896353568132,0.0671942371906774,-6.15970015990533,7.2882807559074e-10,4.50008962951957e-08
"ENSG00000189298",133.523270644532,0.546339207808567,0.154174966426745,3.54363111256558,0.000394657020921653,0.0049625850702496
"ENSG00000189320",1567.10131162557,-0.786075517554119,0.188300449940598,-4.17458119617929,2.98534732685325e-05,0.000551517694528505
"ENSG00000189339",2582.14174722045,0.441725822732042,0.126200954410672,3.50017814678816,0.0004649473237491,0.00569238867712583
"ENSG00000196072",488.672199014823,0.452586305431134,0.138711857637527,3.26278022037455,0.00110325042263413,0.011512582315921
"ENSG00000196116",341.155947214242,-0.467125599349812,0.123797259733649,-3.77331130232476,0.000161095072375675,0.00231909521309212
"ENSG00000196123",301.898066105753,0.933142281168972,0.289425479253082,3.2241193262498,0.00126360734193402,0.0128118616747648
"ENSG00000196150",150.939259718075,0.572265168041692,0.155117127227545,3.68924552865283,0.000224920074465694,0.00308953406056535
"ENSG00000196152",134.74314165631,0.79775767015158,0.146808135884196,5.43401539258603,5.50998246688196e-08,2.14681392341722e-06
"ENSG00000196155",242.4421292061,1.3677930741059,0.22650664087587,6.03864446895169,1.55414246666491e-09,8.83294732200837e-08
"ENSG00000196159",2977.66750519565,-0.43038985987333,0.111511818544844,-3.85958964251175,0.000113577588420397,0.00172114244656715
"ENSG00000196196",27.9637692736054,-1.37396853993263,0.458581288562822,-2.99612865635796,0.00273431043115309,0.023713093496491
"ENSG00000196214",234.281816365525,0.597026979288919,0.180008775844424,3.31665484912197,0.000911020867259881,0.00982095291068729
"ENSG00000196230",7908.12960335272,1.15972631512993,0.254732372802144,4.55272450208248,5.29556013521086e-06,0.000122106681281506
"ENSG00000196295",348.494129023768,0.433955382111006,0.131534105697275,3.29918525549375,0.000969658968405042,0.0103683111517001
"ENSG00000196305",2973.22896197326,0.641725238227429,0.168941084639858,3.798514965116,0.000145565641464823,0.00213523081817185
"ENSG00000196345",83.2997972465677,0.680346394257695,0.215022241023886,3.16407452093347,0.00155576954634174,0.0151287215286477
"ENSG00000196371",160.198621781976,-0.560883870563921,0.200484902937168,-2.79763644217989,0.005147801967388,0.0383916129871212
"ENSG00000196372",279.91823382205,-0.885696331012068,0.155135375206623,-5.7091835426473,1.13519418697418e-08,5.22217424874138e-07
"ENSG00000196405",863.484591458312,0.41461742040044,0.145148443112224,2.85650614991352,0.00428331706389833,0.03337754617717
"ENSG00000196409",116.599845111422,0.553940908065176,0.15845800129964,3.49582162795105,0.000472604509435204,0.0057747237395485
"ENSG00000196411",1152.04460393702,0.927096137084675,0.206519433185569,4.4891472089778,7.15088696611526e-06,0.000158780447150839
"ENSG00000196465",760.058241433163,0.417166124783378,0.130432280293573,3.19833498152785,0.00138223616155284,0.0137815767502465
"ENSG00000196476",124.730361234624,1.05781235092071,0.182780062234994,5.78735086303188,7.15051229568669e-09,3.43390881176582e-07
"ENSG00000196507",988.842685681754,-1.05480581454699,0.174369760316865,-6.04924737311214,1.45524064101202e-09,8.35043455867587e-08
"ENSG00000196511",51.3573930757199,1.0520676104486,0.279428762245938,3.76506556444832,0.000166505386005782,0.00238405439053734
"ENSG00000196517",229.640742740425,2.21693468185747,0.166661340518608,13.3020331827341,2.25258462844287e-40,3.4886904433009e-37
"ENSG00000196526",1845.33635282473,0.599292453614954,0.142082160775123,4.21792891060736,2.46556520955265e-05,0.000469493129298525
"ENSG00000196535",1287.3299371688,0.367070174799463,0.135094950090654,2.71712728383366,0.0065851277535024,0.0464810479676575
"ENSG00000196569",17178.4260430908,-2.07079623200448,0.295024058178477,-7.01907581635844,2.23340574903486e-12,2.35840033214846e-10
"ENSG00000196588",1018.85771580796,-0.392370847949997,0.138242200572056,-2.83828560545434,0.00453565781817194,0.0348759621641396
"ENSG00000196616",46331.3657273793,-1.19377230811362,0.193705798494243,-6.16281142533325,7.14645949379468e-10,4.4272316564058e-08
"ENSG00000196639",685.359731764166,0.683775432232141,0.131645695289918,5.19405842117579,2.05758525947871e-07,6.86538995465203e-06
"ENSG00000196659",107.497443720001,0.598688566251252,0.178183863168213,3.35994828940297,0.000779570624008171,0.0086912537775596
"ENSG00000196663",1352.55316864925,-0.258563396897846,0.0915789653782103,-2.82339285915723,0.00475183051917457,0.0361789308475458
"ENSG00000196715",1018.60768096566,-0.713579455153214,0.139244488904482,-5.12465132923652,2.98088853050431e-07,9.50254088154762e-06
"ENSG00000196739",439.384701506224,0.975429212018607,0.333321264563395,2.92639358996878,0.00342916793961748,0.0282120788657772
"ENSG00000196743",1505.13490348315,-0.358985815238541,0.126472050969992,-2.83845966350081,0.00453318485302702,0.0348759621641396
"ENSG00000196781",1105.65745711537,-0.891984003656628,0.251849677408336,-3.54173176966358,0.000397509469430149,0.00499169830362116
"ENSG00000196810",300.811857566277,0.456445947246913,0.114077639288983,4.00118682409476,6.30255707027024e-05,0.00104396633824396
"ENSG00000196843",478.52716088197,-0.72055625118084,0.211115305079272,-3.41309338472773,0.0006422992851424,0.00740976549619585
"ENSG00000196850",520.924937788046,-1.17935867470309,0.185678626452146,-6.35161244585705,2.13069578407976e-10,1.46121701649898e-08
"ENSG00000196912",266.327970303258,0.440659982663523,0.115834555387613,3.80421870821671,0.000142252456708538,0.00209489850073548
"ENSG00000196914",5866.26252602567,-0.317484150173231,0.0998687611463531,-3.17901360274183,0.00147777155987093,0.0145007309610355
"ENSG00000196923",3655.04450181789,-0.590853813392215,0.207866344183326,-2.8424698366327,0.00447654668641506,0.0345357493428908
"ENSG00000196924",71951.2934370115,-0.582961781861685,0.153054162828589,-3.80885936774268,0.000139609329400536,0.00206251143633462
"ENSG00000196932",68.8289838616752,2.07412910482639,0.295363875708505,7.02228429204846,2.18269833030734e-12,2.3180256267864e-10
"ENSG00000196950",808.748017483607,1.2221951976996,0.234846559473771,5.20422866929886,1.94804016480626e-07,6.51156950772021e-06
"ENSG00000196961",3872.2511836411,-0.243756294642808,0.0797959119926387,-3.0547466474886,0.00225250714338322,0.0203613060602029
"ENSG00000196968",704.61910984297,-0.306321824694277,0.0989738528187393,-3.09497726894875,0.0019682798107613,0.0182264475749869
"ENSG00000196975",4908.8181516426,-1.1932897073569,0.131518959980495,-9.0731382572815,1.15637413944763e-19,3.20764378830361e-17
"ENSG00000197006",1797.57638299781,0.259356252384957,0.0814280781212951,3.18509607949509,0.00144705955976316,0.0142747356253707
"ENSG00000197008",69.527893263272,0.668828532235578,0.207481385292642,3.22355921854016,0.00126608117314601,0.0128159687379731
"ENSG00000197043",14120.9989647215,-0.921728269264564,0.0964721251569038,-9.55434813699243,1.2436435329565e-21,4.53198334509736e-19
"ENSG00000197044",190.361431549884,0.368799749408365,0.131603820062872,2.80234836064922,0.00507320598328667,0.038026076298761
"ENSG00000197045",1852.60237552863,-0.629577906156217,0.118124524969234,-5.32978148542984,9.83310052239525e-08,3.55793826306068e-06
"ENSG00000197046",4.93641997830068,2.69641691434144,0.907779494854878,2.97034349159043,0.00297466935837584,0.0251864373692095
"ENSG00000197062",359.808388396316,0.53508914012948,0.140898745818282,3.79768561474343,0.000146053401774066,0.0021406959558131
"ENSG00000197119",339.210167517502,0.638288967689079,0.192873733595116,3.30936180780834,0.000935089142457833,0.010045451856982
"ENSG00000197121",368.353368514386,0.605747504480971,0.133521705202214,4.53669688807214,5.71421422774564e-06,0.000130625672106584
"ENSG00000197124",41.073660221797,0.758904824166524,0.278128770457853,2.72860956785313,0.00636019572608804,0.0452716344578117
"ENSG00000197210",18.1131072413261,-1.89944143570859,0.637982028103878,-2.97726480063059,0.00290832697551782,0.0247941545137609
"ENSG00000197217",1667.23069560477,-0.589314425449481,0.128819879163709,-4.57471648999578,4.76865288035138e-06,0.000110920417748849
"ENSG00000197265",539.011816417966,-0.298198182434719,0.102546339446119,-2.90793590532212,0.00363822897396388,0.0294625209068056
"ENSG00000197301",209.371049795359,-2.31289192940922,0.323311377187739,-7.15375978886812,8.44327631278462e-13,9.80739314206889e-11
"ENSG00000197312",476.457890302411,-1.06144164980475,0.198847580896362,-5.33796611967821,9.39950173145731e-08,3.42528901331635e-06
"ENSG00000197321",8190.13705342875,0.511007590623506,0.0777114627986492,6.57570417825655,4.84234438490012e-11,3.87640999296484e-09
"ENSG00000197380",303.365457891159,0.514777949384005,0.154005505790352,3.34259445298516,0.000829991031357066,0.00913826025934305
"ENSG00000197381",1969.04835631005,-2.32320495642059,0.59179731417687,-3.9256767490605,8.64862362269092e-05,0.00136911984691406
"ENSG00000197442",1549.29885676474,-0.704352332545784,0.161594790167994,-4.35875644142697,1.30803586812469e-05,0.000273144343922441
"ENSG00000197496",2114.27670999031,-0.489896041190536,0.163011455038629,-3.00528598480668,0.00265331245543006,0.0232055585807848
"ENSG00000197557",167.456444093475,0.556524045370417,0.18966753171223,2.93420829778497,0.0033439971103469,0.0276691601740481
"ENSG00000197586",889.007282211498,-0.409056342990866,0.0925440058761741,-4.42012790691374,9.86424981420233e-06,0.000212069836258724
"ENSG00000197594",665.060709177169,-1.34365377708701,0.41195001063641,-3.26169132757453,0.00110749666600953,0.0115504071480287
"ENSG00000197601",1204.37261038123,-0.295766666007218,0.0995648894062188,-2.97059202065206,0.0029722634462131,0.0251775369862673
"ENSG00000197702",5698.84165663977,-0.410752512084982,0.137597779407868,-2.9851681753339,0.0028342245380045,0.0243974354047307
"ENSG00000197771",1092.35626190146,-0.450934377421776,0.111010138641016,-4.06210083999628,4.86330592920554e-05,0.000833805725962038
"ENSG00000197860",524.498681282381,-0.795154837726788,0.118163726956696,-6.72926335522738,1.70524173871893e-11,1.50198662152092e-09
"ENSG00000197872",308.973469205315,0.869617573730546,0.148080891771672,5.87258466184428,4.29052465276377e-09,2.15388906413533e-07
"ENSG00000197879",8301.94012446455,-0.533705198259685,0.140826505815972,-3.78980643712849,0.00015076471953802,0.00220792100208633
"ENSG00000197905",117.366511874758,-0.84831384260793,0.232159072905767,-3.65401977183231,0.000258166374210711,0.00347934885040323
"ENSG00000197943",21.5351400539333,-1.65166579941753,0.527940819440699,-3.12850557978695,0.00175697675023318,0.0166272949316068
"ENSG00000197948",581.217140911145,-0.280986470030518,0.102637422388902,-2.73766101574371,0.00618778208425821,0.0442456194484213
"ENSG00000197959",58.3883872666255,0.959002294500225,0.27790782824249,3.45079266231911,0.000558942789498151,0.00658298589532518
"ENSG00000198018",247.408579085801,0.816104671308824,0.251332733227918,3.24710856730607,0.00116583908495897,0.012030604882822
"ENSG00000198046",207.158030876311,0.679073039605103,0.171291583865392,3.96442734827386,7.35723489350399e-05,0.00118899313474584
"ENSG00000198105",257.94484324207,0.56844779769851,0.163324320767506,3.48048468854619,0.000500507431097675,0.00603238041955272
"ENSG00000198108",41.0021980058613,-1.43510678673671,0.386734242421865,-3.71083454557728,0.000206577094680442,0.0028715297716051
"ENSG00000198121",7194.37959611104,-0.489598477324229,0.133938597123438,-3.65539499322227,0.000256786300925246,0.00346577589157277
"ENSG00000198176",1746.84513945851,-0.237231648389335,0.088020546039484,-2.6951849206084,0.00703495765263543,0.0488582541009826
"ENSG00000198189",1215.52727195873,-0.770549138331507,0.127352162335915,-6.05053831986802,1.44362617840629e-09,8.33223370362761e-08
"ENSG00000198203",9.82992246278414,1.49028455686327,0.513138005412056,2.90425682982992,0.00368126043810228,0.0297203411130021
"ENSG00000198246",146.227033622675,0.480950422486962,0.154353105093545,3.11591025133886,0.00183378074120837,0.0172648505954192
"ENSG00000198363",12953.0843102029,0.322929951280082,0.107705427312382,2.99826999751345,0.00271517013440869,0.023603774136636
"ENSG00000198369",893.767072222282,-0.639267793634313,0.112616288085893,-5.67651273629922,1.37468324588995e-08,6.18607460650479e-07
"ENSG00000198406",1320.09861425094,-0.37639211795964,0.0863739064418196,-4.35770631971095,1.31432580247371e-05,0.000274149775970527
"ENSG00000198416",96.7048415493568,0.712889034577382,0.209055391412116,3.41004855106581,0.00064951315884142,0.00748833874507927
"ENSG00000198431",22734.553343842,-1.54666289782213,0.20051546570995,-7.71343443432642,1.22476289001626e-14,1.67369252286414e-12
"ENSG00000198467",19186.9485096106,-0.751111429540541,0.220551277537245,-3.40560906256233,0.00066016638979085,0.00757759390774206
"ENSG00000198478",187.997396294307,0.459438595935527,0.142067810821082,3.23393873165355,0.00122095645225446,0.012478215437612
"ENSG00000198517",213.164540283321,-0.697146829063162,0.181728076799276,-3.8362086989628,0.000124948240698242,0.00187120310505788
"ENSG00000198521",184.708107255667,0.565878369969228,0.137944394485124,4.1022208410959,4.09203417969033e-05,0.000721541320963422
"ENSG00000198542",3506.9365662968,-1.02052091382144,0.371345210416036,-2.74817308853424,0.00599283632319701,0.0431398883545746
"ENSG00000198551",174.605782562639,0.385244727822617,0.132369553841609,2.91037263964488,0.0036099806187681,0.0292975937990415
"ENSG00000198566",88.8229341421499,0.726748048162421,0.2137700187766,3.39967247194709,0.000674666153628094,0.00772085619776979
"ENSG00000198580",24.9464882217891,0.94093717120844,0.339929736631056,2.76803430183482,0.00563955196839664,0.0410862694365549
"ENSG00000198585",1301.9712010075,-0.657512470994404,0.139405455863781,-4.71654761946252,2.39880242553218e-06,6.11546544286909e-05
"ENSG00000198624",2057.19173059348,-2.8949081106017,0.250748208552259,-11.5450799322395,7.81687699302925e-31,7.64613994291834e-28
"ENSG00000198668",3716.84537397227,-0.428454656425016,0.110184174896356,-3.88853169548205,0.000100852501445406,0.00156065257232546
"ENSG00000198691",38.6475960485459,-1.20919034458853,0.384631503491508,-3.14376314371563,0.00166790380601067,0.0159783465127362
"ENSG00000198728",2096.02571123967,0.537719633151355,0.125474762468528,4.28548038324622,1.82344738477057e-05,0.000362864532528288
"ENSG00000198736",328.120120472856,-0.690051406663184,0.128469829067468,-5.37131100486476,7.81662636669778e-08,2.89964073902352e-06
"ENSG00000198793",1998.41278885656,-0.69005207978341,0.161808916773549,-4.26461095929057,2.0025081055301e-05,0.000392580307397436
"ENSG00000198795",944.867996141796,0.994331666334131,0.126041305748458,7.88893498388955,3.047762416592e-15,4.60509467580182e-13
"ENSG00000198818",457.983229341353,-0.373347103291476,0.122789314714782,-3.04055042703591,0.00236146143839446,0.0211507281120776
"ENSG00000198832",2076.20430710745,-0.251891224609541,0.0728748501796356,-3.4564904626031,0.000547258573483444,0.00646997492887393
"ENSG00000198833",1403.29346711278,-0.429307264577606,0.0793613019895033,-5.40952899984413,6.31907181827562e-08,2.41908272419772e-06
"ENSG00000198846",190.149948692835,0.583724744025897,0.215373510460962,2.71029033596823,0.0067224334749005,0.047234943716834
"ENSG00000198862",909.054247587905,-0.588390896653873,0.215508637505113,-2.73024275716055,0.00632877034792309,0.0450824825282295
"ENSG00000198873",2935.22973886047,-0.490613673267064,0.139186380616757,-3.5248683893717,0.000423693237885781,0.00526699701398338
"ENSG00000198890",206.568659747998,0.540286882860063,0.138452094179042,3.90233810520324,9.52679566371945e-05,0.00148661206893557
"ENSG00000198909",1404.52796597459,-0.496681496111163,0.173839677257953,-2.85712389683144,0.00427498932833572,0.0333266261187581
"ENSG00000198919",721.011774936742,0.258771141331689,0.0945265303025268,2.73755040519849,0.00618986336109204,0.0442456194484213
"ENSG00000198925",1977.47158742994,-0.387417569161732,0.0772977462708371,-5.01201636337871,5.38626223862347e-07,1.61980070719769e-05
"ENSG00000198932",192.345670951863,0.997477027677079,0.23599909645761,4.22661375678718,2.37234364468294e-05,0.000456042909634343
"ENSG00000198933",461.361398915101,-0.375230182341341,0.122898728616108,-3.05316569639566,0.00226440867699683,0.0204390652073755
"ENSG00000198944",13.8568125191898,1.55460705840809,0.515948935946292,3.01310255743976,0.00258591511695086,0.0227553183941911
"ENSG00000198947",1286.0967815914,-1.0079384399249,0.366956439979695,-2.74675228476893,0.00601885752379214,0.0432729079611903
"ENSG00000198952",2477.44195648212,-0.319528769921157,0.114186209079602,-2.79831314566548,0.0051370282402495,0.0383574406769936
"ENSG00000198954",727.77926353456,-0.322270184808772,0.097599469709024,-3.30196655544918,0.000960095170776448,0.0102902933961247
"ENSG00000198960",619.045074637489,0.643822532305605,0.107111595589188,6.01076408921119,1.8465094383708e-09,1.02135053309885e-07
"ENSG00000203485",2510.1013751683,-0.352460098327246,0.120970501543503,-2.91360367883154,0.00357283174424585,0.0290595527207042
"ENSG00000203685",8.003563929771,-2.96340629261491,0.765628542716858,-3.870553574321,0.000108588488936539,0.00166100170114039
"ENSG00000203709",261.040439301497,-0.701769366839358,0.182772901001189,-3.83957010582653,0.000123249932711816,0.00184725806407186
"ENSG00000203722",56.6008043926081,1.05564570132469,0.243122809136481,4.34202658760859,1.41174443925713e-05,0.000290878829308134
"ENSG00000203727",322.818367541159,1.0649482334386,0.252413649340888,4.2190596119482,2.45323408908145e-05,0.000468104266381711
"ENSG00000203780",78.984170067148,0.681691440022066,0.251927520636972,2.70590302440353,0.00681189349576145,0.0475757386767104
"ENSG00000203943",10.8145298387239,1.42354421724896,0.512488205081163,2.77771118073539,0.00547432537482437,0.0402453865075597
"ENSG00000203965",173.785881457713,0.680163019262392,0.166619409617182,4.08213557367121,4.46237514501181e-05,0.000776528483801914
"ENSG00000204072",347.265172414538,0.569578461088168,0.137259705900947,4.14964069279883,3.32997564279599e-05,0.000604206820551627
"ENSG00000204160",477.775154002317,-0.3769096396567,0.09637575778872,-3.91083451175534,9.19777780502307e-05,0.0014449763356412
"ENSG00000204172",222.252506811731,0.416384552297912,0.151183808522743,2.75416102006237,0.00588428102636272,0.0425026672658186
"ENSG00000204262",15864.7121204512,-0.365716833293658,0.0945954514036979,-3.86611436244345,0.000110583098657124,0.00168182233104962
"ENSG00000204304",1027.37098776758,0.364882846920423,0.113985102921499,3.20114504060866,0.00136882611183212,0.0136698728040838
"ENSG00000204314",122.094783582275,0.552574037207669,0.198280158076434,2.78683476232987,0.00532256112818133,0.0393796953121364
"ENSG00000204366",96.5179348715829,0.907833741727352,0.21650852774511,4.1930622834225,2.75213840827585e-05,0.000514572357321998
"ENSG00000204371",1078.93739014694,0.508025923781356,0.124669394003776,4.07498510633629,4.60172920830198e-05,0.00079556406824458
"ENSG00000204386",945.116659780037,0.402823369826833,0.144309089864046,2.79139290675545,0.00524817217734967,0.038968150186194
"ENSG00000204406",566.25574900715,0.4180724471867,0.115409478513372,3.62251396134902,0.000291753708857354,0.00386079699881836
"ENSG00000204516",199.156532821204,-0.474231812648376,0.141149697916456,-3.3597791539665,0.000780048008208303,0.008691362249731
"ENSG00000204560",786.266913949442,-0.270973401014056,0.100742747735472,-2.68975590903646,0.00715042990019462,0.0494569183829985
"ENSG00000204576",210.539705870879,0.555111747894681,0.135143755933522,4.10756489680324,3.99852448654955e-05,0.000708413513656085
"ENSG00000204842",1328.7433333038,-0.391096972758012,0.141247620037285,-2.76887477930443,0.0056250249722961,0.0410237160829491
"ENSG00000204882",3.65168673412496,2.74711679251178,0.998187284430163,2.7521055771413,0.00592134275865812,0.0427205571310796
"ENSG00000204947",123.395437684846,0.452669066876467,0.157155959758527,2.88038116767573,0.00397194650739015,0.0315194815712408
"ENSG00000204991",106.748094593208,0.787548197073824,0.205594945335856,3.83058151447887,0.000127840772568822,0.00190837008690085
"ENSG00000205189",423.747998556054,-0.556232536780736,0.205432442098082,-2.70761779931121,0.00677680158782773,0.0474206457647199
"ENSG00000205208",588.221528800905,1.38688551870087,0.196617193324984,7.05373469759852,1.74178330782158e-12,1.89304343718504e-10
"ENSG00000205213",387.918047174661,1.1179139527959,0.210049838466788,5.32213669363357,1.02555460554482e-07,3.69378533799428e-06
"ENSG00000205302",1650.18175842041,0.349894272273437,0.0925210936216243,3.78177838779522,0.000155711956391192,0.00226263229830359
"ENSG00000205352",685.622565486303,-0.468986520679937,0.100120592709963,-4.6842163833222,2.81033001154304e-06,7.06765673403619e-05
"ENSG00000205364",52.2706783791931,-2.50539361204774,0.426670747185006,-5.87196012048464,4.30672359242783e-09,2.15388906413533e-07
"ENSG00000205581",1968.55703624836,0.54637834657879,0.130963180392329,4.17199967916167,3.01938062319677e-05,0.000556146569693874
"ENSG00000205659",148.916025919436,-0.723366654664308,0.151119024995872,-4.78673452719845,1.69516823186788e-06,4.46875199847724e-05
"ENSG00000205683",109.390404341399,0.94982168725363,0.343395800119338,2.76596768779218,0.00567541580310587,0.0412666677232874
"ENSG00000205726",1510.87148724628,-0.440702445021702,0.155383953583194,-2.83621593387857,0.00456515690049824,0.0350303224590255
"ENSG00000205730",1637.3719155321,-0.390345807849784,0.13446144192242,-2.90303154769827,0.00369569406568253,0.0297808051457153
"ENSG00000205765",1150.01592991421,-0.412713555952241,0.0840405374688991,-4.91088667900267,9.06654760698953e-07,2.54534421866919e-05
"ENSG00000205937",975.765220306928,-0.319959139173362,0.0972531725451318,-3.28996094214695,0.00100201290379246,0.010647461301877
"ENSG00000205978",1601.04659220405,1.16105813153851,0.173163364558109,6.70498713455578,2.01424113156764e-11,1.73308664028632e-09
"ENSG00000206052",193.294554170146,1.1284173204452,0.20988633741148,5.37632575022239,7.60212003234757e-08,2.83137075753867e-06
"ENSG00000206172",11.1292800326444,2.5640388636439,0.6422974971687,3.9919801570867,6.55238567196294e-05,0.00108245411300828
"ENSG00000206190",290.89007583104,-1.28693527881154,0.315850735410875,-4.07450461414132,4.61123990496908e-05,0.000796467412953999
"ENSG00000206527",618.87556344502,-0.617781645414413,0.139587909084942,-4.42575327235886,9.61063215238349e-06,0.000207449011094132
"ENSG00000206530",209.669041407824,0.575559923846649,0.189773460594756,3.03287889699027,0.00242232789314382,0.0216021899683675
"ENSG00000206538",12754.9476812811,-1.3435198084354,0.228100217962369,-5.89004175636979,3.86098048996934e-09,1.96456922785546e-07
"ENSG00000206560",5239.70521020549,-0.648599244122256,0.136989699556846,-4.73465703056827,2.19425829399704e-06,5.6273118363029e-05
"ENSG00000206561",35.6617406101206,1.06955624978499,0.28434729876353,3.76144332805656,0.000168935700647516,0.00241142088827502
"ENSG00000206573",218.829555035988,0.4254226276184,0.141675293818967,3.00280039060307,0.00267507825699052,0.0233519630841563
"ENSG00000211445",12285.6151498691,-3.74276281324667,0.377114411495012,-9.92474087216414,3.24945654986535e-23,1.31285108650538e-20
"ENSG00000211448",662.631705676874,-1.55148419781025,0.337934921269885,-4.59107390257306,4.40971147139018e-06,0.000103477888504781
"ENSG00000211455",490.802543738132,-0.603044298986357,0.136022338724667,-4.43342104422292,9.27494833429918e-06,0.00020113759019014
"ENSG00000211456",892.688379629511,-0.246397660341419,0.0823164807830984,-2.993296822184,0.00275981197550593,0.0239007947645749
"ENSG00000211574",10.9422683850042,1.65375539485396,0.56465011312496,2.92881442226501,0.00340257503140172,0.0280429520880714
"ENSG00000213064",1545.81642274519,-0.850435499097811,0.228470890849162,-3.72229256837483,0.000197422079432847,0.00276703570607802
"ENSG00000213073",78.0627788138672,0.683275038223797,0.223657940328685,3.05500013645688,0.00225060419730334,0.0203552969167118
"ENSG00000213160",203.849349957286,-1.63463240625022,0.327258232634534,-4.99493135158404,5.88566996638616e-07,1.74736703395027e-05
"ENSG00000213281",763.624593443169,-0.298052763279694,0.0961432116133254,-3.10009160582674,0.00193460799209177,0.0179325134828058
"ENSG00000213341",543.057493565929,-0.347826512510874,0.121100349504315,-2.87221724738689,0.00407602652876747,0.0321035734908314
"ENSG00000213402",14.3507204461038,-1.59385292329937,0.531619801342997,-2.99810676591226,0.00271662485220686,0.023603774136636
"ENSG00000213420",15.8714058698091,1.50497217197344,0.473291801418338,3.17979767970502,0.00147377910639635,0.0144768418035815
"ENSG00000213445",594.202624617588,-0.561680493986189,0.174004013752275,-3.22797435457919,0.00124670150405341,0.0126889087912556
"ENSG00000213462",188.59679401903,0.588129771185599,0.146868064223407,4.0044769044615,6.21548628486877e-05,0.00103138225539541
"ENSG00000213493",18.8177450068896,-1.07384192868548,0.374002086701531,-2.87121908371182,0.00408892029043794,0.0321468139797473
"ENSG00000213516",288.403241205131,-0.451444492982722,0.138335215989344,-3.26340975256436,0.00110080237371195,0.0114934899524925
"ENSG00000213625",4073.38327073193,-0.36549906202156,0.111524395549504,-3.27730143903196,0.00104804415392992,0.0110418937646188
"ENSG00000213626",4674.62439177649,-1.39497901128396,0.380007679532995,-3.67092321133694,0.00024167594578865,0.00328810208820063
"ENSG00000213639",3975.42475079048,-1.07132268757845,0.193836276194617,-5.52694628998555,3.25852663544888e-08,1.34577150044039e-06
"ENSG00000213699",982.918225041174,-0.301153671556688,0.0940566254243224,-3.20183368474127,0.00136555815032022,0.0136445689374738
"ENSG00000213713",139.943743473325,-0.420966827870298,0.150327379681325,-2.80033370343242,0.00510498030151687,0.0381714381947661
"ENSG00000213763",32.5539872363626,-1.32798439664097,0.339817845764762,-3.90793012548335,9.30902182625737e-05,0.00145998456237125
"ENSG00000213853",1037.61933813247,-0.717865247497654,0.17918963882512,-4.00617609480342,6.17096499023507e-05,0.00102582633580965
"ENSG00000213918",401.375582649213,0.555673875546795,0.170827419698062,3.25283772668902,0.00114258727233353,0.0118564960671796
"ENSG00000213930",139.699336453713,0.510035789588644,0.170686439571556,2.98814475753843,0.00280676580781674,0.0242156543514203
"ENSG00000213949",1184.14207444393,-0.605966298933321,0.200330909656871,-3.02482677271933,0.00248775569035242,0.02203052595934
"ENSG00000214174",254.869299787074,0.5613394527867,0.179375309503387,3.12941315246121,0.00175155841163708,0.0166000576645972
"ENSG00000214212",14.5248775502547,1.42035143374221,0.465347507236004,3.05223819115006,0.0022714178016136,0.0204923785645576
"ENSG00000214274",62.0382409575999,-1.12105075108771,0.219442301317572,-5.10863559284929,3.24493497277669e-07,1.02563123246692e-05
"ENSG00000214391",295.745540157452,0.88146812916889,0.290436203486261,3.03498020766061,0.00240551472411049,0.02149350535942
"ENSG00000214548",9596.98121944925,0.538514822932264,0.0955075998735011,5.63844996257389,1.71587663606535e-08,7.59275411458916e-07
"ENSG00000214814",243.276976467197,3.1597165659147,0.471146951938992,6.70643533384005,1.99436165550442e-11,1.72396331942091e-09
"ENSG00000214944",628.403318669593,-1.0855631994383,0.190539009985034,-5.69732780454548,1.21699795973179e-08,5.54360467686648e-07
"ENSG00000215018",6.92764308850206,-2.46347399186094,0.805877647672495,-3.05688338543183,0.00223651267165442,0.0202462679019471
"ENSG00000215251",200.709686853061,-0.581989636947652,0.182655589162396,-3.18626788053124,0.00144121084742883,0.0142472891486515
"ENSG00000215386",101.442150576676,1.37516375580925,0.227757315091866,6.03784671089305,1.56184323887108e-09,8.84965140073751e-08
"ENSG00000215481",10.2941445934863,-2.56480260301546,0.699136163207661,-3.66853087851737,0.000243948234513071,0.00331658956724611
"ENSG00000215700",1644.34561114803,-0.415732559763591,0.0813171709325523,-5.11248184111589,3.1795355927949e-07,1.00839025583777e-05
"ENSG00000217416",97.7925362088147,-0.566352836243707,0.174451965649179,-3.24646864330916,0.001168463190524,0.0120443085945028
"ENSG00000218283",1047.59417318797,-0.24415560949117,0.0805821633467348,-3.02989643552506,0.00244637609734956,0.0217540190283453
"ENSG00000219201",685.231941228329,-0.337433863238592,0.110453666693391,-3.05498109153114,0.00225074711669857,0.0203552969167118
"ENSG00000219481",2694.15068831909,0.721221280898801,0.163618767887398,4.40793736691102,1.04359712287587e-05,0.000222933937110896
"ENSG00000219565",5.21234109509684,-3.77919977516582,1.08686367942969,-3.47716079457993,0.000506753811626475,0.00609186260613068
"ENSG00000220563",8.90853749940734,1.51265456009029,0.558667497706391,2.70761153333689,0.00677692952117816,0.0474206457647199
"ENSG00000220785",365.581408404113,0.655328748808787,0.210995608554054,3.10588809549039,0.0018970849386224,0.017663989771692
"ENSG00000221829",163.677848232901,0.90931551881213,0.222106664698213,4.09404877628351,4.23905073699529e-05,0.000744638543923038
"ENSG00000221869",1963.57429862035,-1.4992533409315,0.161386781473249,-9.28981498512637,1.54556751329734e-20,4.63296326365016e-18
"ENSG00000221926",152.216107047776,0.618811573504767,0.223642586047516,2.76696663386504,0.00565805457510525,0.041188775667188
"ENSG00000221968",1863.01472747893,-1.00590654718105,0.178140000720468,-5.6467191148129,1.63538694555591e-08,7.28864901274738e-07
"ENSG00000221978",4113.25533173093,-0.285005729673644,0.102554547858435,-2.77906475748946,0.00545156559074974,0.0401256817837956
"ENSG00000221994",23.3886247085434,1.00207429888533,0.342913503237628,2.92223633488975,0.00347527727278482,0.0284481034259557
"ENSG00000222009",309.63387173623,0.656390371382711,0.218828187284543,2.99956956883806,0.00270361373880465,0.023552197474645
"ENSG00000223401",40.2756670657581,-1.19981905831868,0.301661214462845,-3.977372631265,6.96809249600773e-05,0.00113998238590056
"ENSG00000223458",6.19633154083578,1.88393827748033,0.695351037676905,2.70933409947064,0.00674184123567984,0.0473176432647696
"ENSG00000223756",491.648624602742,0.549443471816891,0.176971669908344,3.10469733433298,0.00190473822957363,0.0177059762773379
"ENSG00000223764",25.891624639213,1.77091283104129,0.444061591997131,3.98798919554549,6.66356976741424e-05,0.00109692156003006
"ENSG00000223802",6.94701184726597,1.97222363904888,0.691547076623999,2.85190076816882,0.0043458664932144,0.0337517462500584
"ENSG00000223811",5.68502072691573,2.86466041356488,0.926932773707882,3.09047268024172,0.00199838187875167,0.0184683874771755
"ENSG00000223820",12.4711859422635,1.29768831932525,0.470330948047397,2.75909617411457,0.0057961474214608,0.0419639266956949
"ENSG00000223949",17.3541271696118,1.8295168042236,0.460642077380647,3.97166671057667,7.1371527579247e-05,0.00116150598954493
"ENSG00000224080",9.11017068613858,-2.31389863238261,0.614013952629702,-3.7684789123645,0.000164245357595705,0.00235780617035689
"ENSG00000224124",46.2856493652919,-1.5429873374524,0.547868399249891,-2.81634666201769,0.0048573223621666,0.0367562443407436
"ENSG00000224468",32.1259431951263,-1.10413415592079,0.289050722524425,-3.81986298556125,0.000133525825681508,0.00198526197623266
"ENSG00000224470",1123.94486578936,-0.426075769555518,0.135185100870188,-3.15179532961002,0.00162269971828144,0.0156285730305979
"ENSG00000224531",278.494036987163,-0.568918036170614,0.138867770053657,-4.09683280685497,4.18841177443687e-05,0.000737136674506716
"ENSG00000224945",153.113158745856,-0.853687262102616,0.207183281408379,-4.12044474003631,3.78141757533123e-05,0.000675746592668566
"ENSG00000225032",38.9915322033947,-1.02981250870738,0.354471160544974,-2.90520816171369,0.00367008926670561,0.0296430286926222
"ENSG00000225135",146.084149271014,-0.733133742184373,0.230696617663446,-3.17791283465591,0.00148339339623467,0.0145482143899849
"ENSG00000225151",424.520620133576,0.738613074221028,0.212324245134987,3.47870340361483,0.00050384590239736,0.00606475135754854
"ENSG00000225217",5.64663020287199,2.42322129127865,0.838684977392594,2.88931047604103,0.0038608766348574,0.0308090992953305
"ENSG00000225313",30.1445623242496,-1.14605481589265,0.315062262346326,-3.63755026501039,0.000275243488809441,0.00366958410295801
"ENSG00000225383",8.27392983923445,-1.91535244879707,0.677211700410136,-2.82829202099887,0.00467970973280442,0.0357763905323613
"ENSG00000225415",565.941906304075,1.44291157832806,0.318811721055152,4.52590505001679,6.01375779247274e-06,0.000135802780769266
"ENSG00000225422",193.385030228808,-0.465248926153789,0.164532482988618,-2.82770257704051,0.00468833420732661,0.0358128611768044
"ENSG00000225697",385.080531038247,-0.906004768613346,0.171456334694153,-5.28417203266064,1.26274548012274e-07,4.47864976108419e-06
"ENSG00000225783",69.7506634426487,1.86106819972242,0.552483247886761,3.36855136665406,0.000755643152067436,0.00847893877072556
"ENSG00000226121",506.828797993144,-1.29968738010022,0.234162178576378,-5.5503727715631,2.85061104632364e-08,1.19053047856011e-06
"ENSG00000226137",476.15536327059,0.580012550495966,0.0977130345931299,5.93587695757375,2.92278944584228e-09,1.53014202397123e-07
"ENSG00000226200",106.751542056556,0.955401376310034,0.252110036062061,3.7896205610587,0.000150877571840174,0.00220792100208633
"ENSG00000226328",119.4470931743,-0.79154154694566,0.24627600325266,-3.21404252339437,0.00130880288931383,0.0131921740737369
"ENSG00000226887",6.36701851106736,-2.59372846626054,0.807603753420388,-3.21163498222427,0.00131981951675777,0.0132731849128481
"ENSG00000226950",220.817404767305,-1.1417036843723,0.179089735832501,-6.37503695599905,1.82918837893326e-10,1.25909133416572e-08
"ENSG00000226964",160.2995370514,-0.958464911363967,0.15939280782057,-6.0132255932333,1.81867664549173e-09,1.00895837183474e-07
"ENSG00000227051",4615.74006753287,1.14517028050774,0.125698788271425,9.11043213905086,8.20544771468531e-20,2.31057948147616e-17
"ENSG00000227120",6.17064515852635,1.90620257020988,0.682222367846197,2.79410740551916,0.00520431902456553,0.0387198835354485
"ENSG00000227268",22.4119354700517,1.55384265657027,0.382082222608936,4.06677559076241,4.7668105532441e-05,0.000821048879815029
"ENSG00000228798",7.94988690466728,1.84610828289372,0.616398994201545,2.99498912272736,0.00274454628776635,0.0237907615476389
"ENSG00000228801",35.7068440175938,0.926547464660304,0.310906731328674,2.9801460415497,0.00288110989510146,0.0246299114077556
"ENSG00000229116",12.6065472908665,1.45991340415306,0.476245881185264,3.06546148077896,0.00217334370418242,0.0197610532006998
"ENSG00000229474",19.0881886658064,1.13678553653749,0.382145683524021,2.97474388838946,0.00293233254616932,0.0249416020002548
"ENSG00000229619",487.617557032484,-0.731666424405317,0.243906357170189,-2.99978415033596,0.00270170990881438,0.0235512564049321
"ENSG00000229644",747.114907985817,-1.07701844012588,0.177272029311601,-6.07551255721644,1.23592307461367e-09,7.2688703612959e-08
"ENSG00000229647",5.04419174850558,-2.99119005485261,0.889877453142729,-3.36135053685066,0.00077562321743319,0.00866283503365135
"ENSG00000229927",35.5563171716804,-0.92042433951378,0.282759263896833,-3.25515184482021,0.00113331754735645,0.011777359544141
"ENSG00000230018",41.5193501253012,-2.41324444598812,0.490872152594491,-4.91623823684635,8.82230265946308e-07,2.48804999887893e-05
"ENSG00000230409",668.485594648685,0.311112719506016,0.0885774161175622,3.51232552429729,0.000444203559180079,0.00549269670483151
"ENSG00000230417",33.4412882154771,1.56969615628159,0.336745958926946,4.66136597832826,3.14117586477451e-06,7.76497534399579e-05
"ENSG00000230606",293.43527619516,0.572725431572362,0.150333949406876,3.80968792366582,0.000139142312338356,0.00205724731488332
"ENSG00000230733",336.306774842239,-0.556335727312818,0.125115134616538,-4.44659016687243,8.72440568097175e-06,0.000190308778850775
"ENSG00000231242",57.3651262403777,0.669181889860988,0.227478802805582,2.94173295097265,0.00326381255196684,0.0271593086135887
"ENSG00000231246",5.97038641402699,-3.52210496105044,0.926778400452971,-3.80037445772255,0.000144477599777974,0.00212598273307494
"ENSG00000231574",40.8592453099379,-1.14199276965121,0.400493396334928,-2.85146466858638,0.00435183222756627,0.0337698546761249
"ENSG00000231991",3051.94432885293,-0.679015545907421,0.105114889781909,-6.45974654319891,1.04878489570413e-10,7.7966669146645e-09
"ENSG00000232871",6.0788253225086,2.51823282731588,0.908697792746468,2.77125447802038,0.00558407666935633,0.0408100923712101
"ENSG00000233117",77.6318352361788,-3.47430430775038,0.42927432709426,-8.09343603487262,5.80047618036639e-16,9.37407389670515e-14
"ENSG00000233280",539.754780383419,0.639742194721714,0.146159793161667,4.37700533698824,1.20321029299742e-05,0.000252959992028925
"ENSG00000233608",2066.01887994261,-0.717153472597967,0.1497837119083,-4.78792696122408,1.68512951509637e-06,4.45492632120427e-05
"ENSG00000233901",103.222407714411,0.949818593062661,0.211464416734434,4.4916237338194,7.06822169583424e-06,0.000157132655762057
"ENSG00000234880",3.79350960435177,-3.33976860543447,1.14900595973488,-2.90665907964922,0.0036531109695501,0.0295444157393771
"ENSG00000235105",139.066459756865,-0.864047587718974,0.274025816898407,-3.15316125136965,0.00161512561915066,0.0155852074932061
"ENSG00000235109",71.4233338911647,1.74168051779404,0.351294967839131,4.95788632700144,7.1264236654046e-07,2.05659291648361e-05
"ENSG00000235386",53.601587063151,0.647392204798778,0.215359093735853,3.00610572587583,0.00264616973578879,0.0231758079828627
"ENSG00000235513",28.1192964289322,2.12347667573447,0.38865675130563,5.46362997323728,4.6649542362772e-08,1.8599241911648e-06
"ENSG00000235649",136.751971855613,1.15605045765429,0.333224866464926,3.46928027886529,0.000521854728360287,0.00623307848751667
"ENSG00000235655",2826.27574278172,0.183903445137608,0.0679136158425617,2.70790242657578,0.00677099259772755,0.0474206457647199
"ENSG00000235734",157.918785772451,0.523008395032311,0.185452323496119,2.82017709550701,0.00479971524388331,0.0364568776868025
"ENSG00000235823",42.5926754777436,0.727591900228069,0.241874907194089,3.0081330414495,0.00262858037268388,0.0230434746350613
"ENSG00000235863",179.41751537828,-0.561601300048218,0.192518077748439,-2.91713540160138,0.00353262383054385,0.0288715100662522
"ENSG00000235927",33.186640352391,-1.16100591653013,0.299997018547213,-3.87005818308628,0.00010880938186455,0.00166301181081634
"ENSG00000235959",6.17064515852635,1.90620257020988,0.682222367846197,2.79410740551916,0.00520431902456553,0.0387198835354485
"ENSG00000236060",357.022919836385,-0.566226548085544,0.14367604297404,-3.94099486848934,8.11443622964689e-05,0.00129336875924518
"ENSG00000236104",390.995947011023,0.641029318803889,0.110173984543812,5.81833652888333,5.94361469876447e-09,2.9068968204352e-07
"ENSG00000236255",35.9768370624371,0.949783289473682,0.317535630046542,2.99110776744792,0.00277967377078109,0.0240391982456801
"ENSG00000236739",257.057906334442,-0.639193656575542,0.183190611016474,-3.48922716633146,0.000484419286384734,0.00587275436233547
"ENSG00000237037",241.971786326826,0.609515140010711,0.208554718149876,2.92256701463205,0.00347158905532368,0.0284477436477912
"ENSG00000237149",58.7664241792234,0.861793923819878,0.239895044202652,3.59237902010129,0.000327672790763241,0.00422316145376896
"ENSG00000237172",669.109073353776,0.541644679329434,0.152702556487201,3.54705704861484,0.00038956022550358,0.00491178886769609
"ENSG00000237187",531.247305510762,0.466606995407625,0.163977821062846,2.84554943091234,0.00443348777591024,0.0343032349355919
"ENSG00000237234",40.6749718910581,0.856116563989933,0.317929350777298,2.69278870257444,0.00708571592607992,0.0491373248082819
"ENSG00000237697",126.794572516762,-2.02800901858413,0.384586695592023,-5.27321678526154,1.34053057738145e-07,4.69185702083508e-06
"ENSG00000237807",102.135171611274,0.715865453321212,0.225650814969259,3.17244789662619,0.00151159680454007,0.0147858034801986
"ENSG00000237886",15.6776083590321,1.39522377423927,0.4820917583826,2.89410418240751,0.00380241976468779,0.030394826377085
"ENSG00000237928",7.3201087295603,-3.00834806185609,0.896333059110534,-3.35628372877532,0.000789974792644921,0.00878091000078102
"ENSG00000237984",256.669698756323,0.488391756966554,0.126463548521979,3.86191722970412,0.000112500683934018,0.00170819053179225
"ENSG00000240291",21.4598840837072,-1.1415192247168,0.353809192188436,-3.22636960802545,0.00125371342204641,0.0127393460627296
"ENSG00000240445",668.841159140303,-1.03562153687018,0.186006038132731,-5.56767698116973,2.58157820660842e-08,1.08795081564212e-06
"ENSG00000240498",22.2503098763039,1.15161929856609,0.356868357326562,3.22701431752962,0.00125089200817189,0.0127176301815506
"ENSG00000240764",29.2639528562967,1.29707465815295,0.399589813291442,3.24601532623886,0.00117032538763344,0.0120568167013124
"ENSG00000240771",566.041765915687,-0.384003499808324,0.124685255882974,-3.07978274647596,0.00207151640050294,0.0190654257557417
"ENSG00000240809",30.3633369115616,-1.05624579202458,0.326645357603281,-3.23361642049545,0.00122233505073734,0.0124819213834909
"ENSG00000240859",51.3820260361674,-1.22875333889807,0.261044627395453,-4.70706235618728,2.51312052626701e-06,6.38064822140334e-05
"ENSG00000241399",676.966428035184,-1.70163133630766,0.344342317460055,-4.9416852069164,7.74501948683537e-07,2.21107814382236e-05
"ENSG00000241553",888.829683518745,-0.48233895976815,0.154182946588357,-3.12835479176511,0.00175787846770128,0.0166272949316068
"ENSG00000241878",525.773254703068,-0.357725621322435,0.130721507517144,-2.73654755148475,0.00620876210184597,0.0443636461602489
"ENSG00000241990",12.5661325792216,-1.33903144315377,0.480048044335971,-2.78936964529454,0.00528107511832178,0.0391811501293454
"ENSG00000242125",280.413248507973,-0.588294204745142,0.180725834845862,-3.25517491866555,0.00113322547089402,0.011777359544141
"ENSG00000242265",557.20162755782,0.967505807001339,0.179004627884798,5.40492063492344,6.48370953086973e-08,2.46925700063963e-06
"ENSG00000242539",168.546787363018,-1.03036620083967,0.178167248144662,-5.78314034464445,7.33188442664009e-09,3.51193484714191e-07
"ENSG00000242802",939.442788709261,-0.298883238967348,0.109773263480473,-2.72273256247425,0.00647444459664759,0.0459616320965223
"ENSG00000243244",996.175141904114,-1.43790258095046,0.228572220571164,-6.29080199403665,3.15829979626176e-10,2.09632148976874e-08
"ENSG00000243364",64.1553199325189,0.857296778101577,0.257653325393713,3.3273266579873,0.000876835221425906,0.00954097341346632
"ENSG00000243742",21.2157281322953,2.18631077098661,0.400346397140723,5.46104769919563,4.73332840101546e-08,1.87566968726806e-06
"ENSG00000243943",282.338061032784,0.375359711694639,0.13785518821692,2.72285516816384,0.00647204241134688,0.0459616320965223
"ENSG00000244301",8.08134630097128,-2.15174105334275,0.696666106773634,-3.08862600379368,0.00201084401666817,0.0185743220923349
"ENSG00000244405",492.546448800912,-0.82468787213396,0.241953666147952,-3.40845371456233,0.000653321674926089,0.0075182559309606
"ENSG00000244462",972.049716155961,-0.636407706191344,0.130342273079161,-4.88258867332192,1.04702129901277e-06,2.87853414824738e-05
"ENSG00000244486",797.32948697483,-0.546940164513709,0.185692532712879,-2.94540742442992,0.00322529648959553,0.02686783292655
"ENSG00000244490",75.2131815907787,-1.15654464791627,0.276970912785636,-4.175689917343,2.97084275729594e-05,0.00054993140084009
"ENSG00000245812",181.252720139167,-1.62684124706538,0.347329072324747,-4.68386143485364,2.81520357996975e-06,7.07034574780241e-05
"ENSG00000246430",2162.53881470905,-2.06345218245787,0.235924942385279,-8.74622310636463,2.20612706129798e-18,4.88105612312179e-16
"ENSG00000246705",703.577388071484,-0.800134338283547,0.206796113917278,-3.8691942664049,0.000109195613442265,0.00166480760937203
"ENSG00000246763",155.492941305224,1.47707116058931,0.307539157044345,4.80287185145768,1.56405991215334e-06,4.16447757412175e-05
"ENSG00000247311",17.5619513543582,-2.62129128780231,0.47528851540843,-5.51515806257122,3.48466631921346e-08,1.4296362812932e-06
"ENSG00000247746",54.1216986656382,0.985044601750721,0.235795545238162,4.17753694522002,2.94682809994588e-05,0.000546574852669603
"ENSG00000247796",75.4787388730201,0.773460400190405,0.225699931908132,3.42694122081184,0.000610421186988712,0.00709428661880369
"ENSG00000247903",174.54121034294,-0.996871329929718,0.290670346444251,-3.42955978180909,0.000604561236363667,0.00703114554306555
"ENSG00000248144",820.402093833528,-1.1526815705476,0.225577702618293,-5.1099091672996,3.2231373407129e-07,1.02047712908261e-05
"ENSG00000248187",7.68943840135064,-3.5701251991246,0.930791517245949,-3.83557986184487,0.000125268392081381,0.00187297913663111
"ENSG00000249115",161.251027743688,0.640876497787082,0.204504211193988,3.13380587150434,0.00172554973116219,0.0164243856652441
"ENSG00000249364",8.83906075961539,-5.16523397825878,1.22150848301403,-4.22856987903492,2.35181472555042e-05,0.000452937582117663
"ENSG00000249459",156.675625674318,0.46238425777597,0.169848286761561,2.72233689601521,0.00648220227101543,0.045999132954113
"ENSG00000249839",171.762790253898,0.811886857867198,0.210484313117987,3.85723214162804,0.000114678239556575,0.00173314792794748
"ENSG00000250657",4.80570736292125,3.37578591803507,1.06750328853582,3.16231898701247,0.00156518009511285,0.0151820835426265
"ENSG00000250899",54.4167701155654,-1.00553919285717,0.266833903351625,-3.76840866256827,0.000164291578725433,0.00235780617035689
"ENSG00000250934",4.8636887657873,-3.19497584420222,0.94387931346551,-3.3849410603901,0.000711935396329357,0.00808266300597502
"ENSG00000250978",56.3181939282226,-6.30020905067166,0.667830114086463,-9.43384989353143,3.95307029491472e-21,1.31192520412482e-18
"ENSG00000251602",48.0087640326935,0.688326311522844,0.242085186264484,2.84332272512879,0.00446458381207215,0.0344720773358375
"ENSG00000251669",31.4585704690068,0.927998412421698,0.316421307811797,2.93279368206663,0.00335927044460033,0.0277352470959116
"ENSG00000253139",15.6383435156975,-2.37128815610598,0.664652285174092,-3.56771233470576,0.000360111534830149,0.00457775162436274
"ENSG00000253276",738.223932917866,-1.21722611704853,0.264710341028915,-4.59833232172661,4.25886281384671e-06,0.000100191095437141
"ENSG00000253368",1040.17649034906,-1.96740782779697,0.241514215761119,-8.14613674643038,3.75735213891459e-16,6.40645775245207e-14
"ENSG00000253540",48.7751052551303,1.18102075944108,0.379787524584797,3.10968813610251,0.00187284970755723,0.0175085069491706
"ENSG00000253833",84.9520112257848,-1.16599992410623,0.263850770131968,-4.41916437660214,9.90832657076004e-06,0.000212394751231344
"ENSG00000254004",400.219628034282,0.466682120808696,0.155116470427513,3.00859167000438,0.00262461608051209,0.0230304484685161
"ENSG00000254109",48.2908063916906,-1.01462175392094,0.306176217402282,-3.31384900672361,0.000920211854398431,0.00989707020485813
"ENSG00000254254",68.9071427298762,-1.47704358371588,0.351516173437553,-4.20192211718611,2.64658193693879e-05,0.000497841349170115
"ENSG00000254332",1756.41690158346,-0.889638522278118,0.142225035377177,-6.25514713298417,3.97141318588097e-10,2.58977944068764e-08
"ENSG00000254470",115.961151857703,-0.688959416840224,0.218905599489755,-3.14729005766008,0.00164791398908258,0.0158194635780474
"ENSG00000254701",112.984682440397,0.642620226769407,0.203106795866805,3.1639523632229,0.00155642268295799,0.0151287215286477
"ENSG00000254719",110.977188824885,-0.533939553198078,0.183978697116617,-2.90218140233722,0.00370573885520327,0.0297885625536128
"ENSG00000254726",47.8952364349195,2.01244453087376,0.385467024034124,5.2207955684832,1.78156120359167e-07,6.05307403450663e-06
"ENSG00000254842",11.4564464302267,-2.84469102309535,0.764447933503399,-3.72123580746484,0.000198250204303163,0.0027744578666975
"ENSG00000254851",470.694019019645,-1.16508024265636,0.310066157046537,-3.75752147139842,0.000171604646453911,0.00244201558525722
"ENSG00000254858",125.60185751557,-0.468654255664391,0.166619322040049,-2.81272453834463,0.0049123713177906,0.0370671623796745
"ENSG00000254893",1922.75019231477,-0.40673888109111,0.120475534918137,-3.37611185015688,0.000735180251142106,0.00830092646869747
"ENSG00000254986",647.121878880579,-0.449191252016524,0.127993816577482,-3.50947619211436,0.000448990253177921,0.00553347735763372
"ENSG00000254987",8.69577443873319,-2.46725509073289,0.792760079723468,-3.11223427344314,0.00185677087105989,0.0174019599791467
"ENSG00000256223",148.881590104003,0.638349586749277,0.229638072088173,2.77980728955159,0.00543911656273818,0.0400657872843793
"ENSG00000256340",37.9959323339794,1.24065145231427,0.280093072416437,4.42942569629031,9.4484358646483e-06,0.000204661049585651
"ENSG00000256616",43.9115273865743,1.06522703400551,0.33601302743986,3.17019563831096,0.00152336332644845,0.0148774079989724
"ENSG00000256667",53.9191723686946,0.678825934190867,0.243473342507643,2.78809140745894,0.00530195816887891,0.039289032124647
"ENSG00000258016",41.529262081148,-1.45473048908055,0.353983205000571,-4.10960313520582,3.96339673503188e-05,0.000703531311562249
"ENSG00000258077",3.74275801232525,2.71855904811148,0.964508349125962,2.81859566127658,0.00482342358782412,0.0366040536462684
"ENSG00000258130",52.3864424797083,0.821405609656619,0.231955637595132,3.54121856305275,0.000398283506208938,0.00499804116333094
"ENSG00000258150",47.8768536872143,0.771256918845066,0.240509897182434,3.2067575092764,0.00134240099715975,0.0134620725847734
"ENSG00000258412",6.16993016683887,2.30963176605725,0.859612380637425,2.68682934085314,0.00721337972629076,0.0497996516393439
"ENSG00000258457",8.33145795249569,2.45851079094467,0.693460330843999,3.54527963834999,0.000392196766652799,0.00493833123864653
"ENSG00000259071",30.8958814881518,-0.911775307774988,0.319634448007382,-2.85255645459694,0.00433691081813761,0.0336962740614914
"ENSG00000259319",12.058997987706,1.45475665495085,0.511764689033055,2.84262804004613,0.00447432548538725,0.0345329481502998
"ENSG00000259426",29.0229328581778,-1.6452268292369,0.435783061594923,-3.77533450523646,0.000159793085647959,0.00230672469758006
"ENSG00000259448",9.61885894492493,-1.92461102165999,0.566311088737836,-3.3985049205896,0.000677552441612627,0.00774911515530503
"ENSG00000259583",69.8436592394447,1.09806688427748,0.301707303143028,3.63951045545931,0.000273156847110676,0.00364699712898844
"ENSG00000259673",141.613694422391,-1.00477462700184,0.353810042328467,-2.83987028855737,0.00451318812743224,0.0347607133644128
"ENSG00000259758",1093.84076904818,-0.726664738091607,0.155166551006137,-4.68312747418653,2.82530685552458e-06,7.07659405794129e-05
"ENSG00000259886",15.9719303125814,-1.58653722831939,0.491638118909074,-3.22704275217686,0.0012507677059692,0.0127176301815506
"ENSG00000259953",53.6807792288565,-0.771850172581452,0.240151334060145,-3.21401576052934,0.00130892488522846,0.0131921740737369
"ENSG00000260230",44.4477529545597,1.07378863564381,0.291907495168919,3.67852368786364,0.00023458790652667,0.00320574723735159
"ENSG00000260396",17.2763061020322,-1.55063927004746,0.549043799957482,-2.82425422191735,0.00473907792253616,0.0361262359271265
"ENSG00000260455",11.6951096018029,2.18444279800161,0.785427631057028,2.78121460415365,0.00541559241939814,0.0399717176785204
"ENSG00000260549",79.2059860286412,-0.915022880886246,0.216701585034256,-4.22250202157774,2.41605231254749e-05,0.00046291064153294
"ENSG00000260630",34.3377708980171,0.826855581686207,0.303050062680715,2.72844550623756,0.00636336030327457,0.0452768190031998
"ENSG00000260802",6.72325896535602,-5.53528535543967,1.43420732746421,-3.85947362661051,0.000113631519071181,0.00172114244656715
"ENSG00000260807",9.29051305812544,1.78455490702953,0.635822825110357,2.80668581962246,0.00500540342410946,0.0376468727790669
"ENSG00000260822",146.042912190283,-0.853508556262686,0.286319328323131,-2.98096730409846,0.00287339469302062,0.0246197181864917
"ENSG00000260841",69.3426698658811,-1.2196275696312,0.297264962562273,-4.10282987647998,4.08127350467837e-05,0.000720327332235968
"ENSG00000260852",103.601002768459,0.647633155126053,0.16736830046902,3.86950906062363,0.000109054728719418,0.00166480760937203
"ENSG00000260920",27.9126138076341,0.945913913338808,0.308024434522165,3.07090544555725,0.00213410721935761,0.0194901143350178
"ENSG00000261088",103.109377375334,-0.692259548285847,0.241462004952324,-2.86695022027391,0.00414448196544689,0.0325138021645549
"ENSG00000261121",7.00524593642463,3.11433026124824,0.865163480445751,3.59970148028402,0.000318582706265302,0.00412891185212039
"ENSG00000261143",110.097990094289,-0.720263755837604,0.22610478631619,-3.18553077788619,0.00144488733834991,0.0142608768896618
"ENSG00000261425",22.8004236186549,1.95695284228619,0.553930093710387,3.53285164410899,0.00041110309722364,0.00513809755339701
"ENSG00000261452",4.68292960684825,2.65137019936317,0.913622338297097,2.90204178271852,0.00370739088468529,0.0297889578866737
"ENSG00000261468",33.1837611758353,-2.44411722966181,0.409883582325473,-5.96295469019549,2.47717130154497e-09,1.3329185785316e-07
"ENSG00000261490",64.2624622161011,-1.43951185778673,0.246138514389521,-5.84838119039211,4.96379991156206e-09,2.45351652543566e-07
"ENSG00000261589",78.4314530893547,-1.32228768626575,0.363348860712415,-3.63916838399645,0.000273519914314277,0.00364922297740907
"ENSG00000261597",184.825122377444,1.03321886259963,0.175912489898229,5.87348211145998,4.26735098255897e-09,2.14928775097177e-07
"ENSG00000261685",48.4467108124499,-2.32837230538606,0.429696327827353,-5.41864604046971,6.00520747485998e-08,2.31069939793525e-06
"ENSG00000261801",202.707539656251,0.680338233604711,0.157204165503469,4.32773668195005,1.50649421497528e-05,0.000307334741880521
"ENSG00000261827",11.5446252265659,1.87982955450267,0.532743888734385,3.52858023199195,0.000417795276713652,0.0052042394220665
"ENSG00000261888",324.089922179375,0.722593533312078,0.238731737039334,3.02680130540424,0.0024715636188853,0.0219360123481296
"ENSG00000263006",266.241786588822,-0.484341662413957,0.152088923918083,-3.1845952350536,0.00144956604976656,0.014284297473442
"ENSG00000263563",390.053064599323,0.432942166858587,0.124946438313442,3.46502207427878,0.000530187959102597,0.00630828631236989
"ENSG00000263567",4.10400728940201,5.40466703394422,1.59462854112416,3.38929530894644,0.000700725024017138,0.00797976383048929
"ENSG00000264007",8.63789441394685,-1.88549365161592,0.613649093870557,-3.07259257847717,0.00212207997401347,0.0194375832020898
"ENSG00000264469",46.7389505975805,-0.818796815024593,0.25845931552671,-3.16799111440801,0.00153496211795317,0.0149749453869605
"ENSG00000264745",9.8084239578092,-1.48676936792744,0.549088972659266,-2.70770210650369,0.00677508048610817,0.0474206457647199
"ENSG00000264868",18.1834296019139,-4.6029716241504,0.927104809671007,-4.96488808615265,6.87406976861566e-07,1.98685204742958e-05
"ENSG00000264885",335.117422913263,-0.980938197144116,0.152759103633555,-6.42147128263615,1.34963477069327e-10,9.57364969974598e-09
"ENSG00000266865",52.0453846944368,0.709947203128435,0.222567063274923,3.18981251170791,0.00142365121436706,0.0141037088587483
"ENSG00000267002",52.4500905627634,0.840136626465189,0.247562932700706,3.39362851013274,0.000689731880370643,0.00786904051362087
"ENSG00000267121",51.6612977706032,0.972554760035248,0.284362258751746,3.42012601919972,0.000625921327641889,0.00724781799017104
"ENSG00000267339",26.2335725682209,4.52747220176224,0.806933980103704,5.61070956657493,2.01498693177713e-08,8.77014803912833e-07
"ENSG00000267480",24.2620606813702,-2.38792607366784,0.502394629255676,-4.75308837836438,2.00332724709455e-06,5.21454298140787e-05
"ENSG00000267528",18.3335154026563,2.10561955091599,0.627346105562237,3.35639216095699,0.000789665098043522,0.00878091000078102
"ENSG00000267669",85.6670548870006,-1.48704481441028,0.281175807973418,-5.28866556880619,1.23211930460234e-07,4.37838188834313e-06
"ENSG00000267683",6.11948604966171,2.49791660134848,0.730642474891552,3.41879467344031,0.000628991704981109,0.00727883613765499
"ENSG00000267745",32.9913422573618,-0.939957360269631,0.343872768595024,-2.73344517540617,0.00626755565836699,0.0447321512714096
"ENSG00000268894",6.6287563451744,-4.16466096644183,1.20614339991255,-3.45287381810802,0.000554648384792278,0.0065365505588868
"ENSG00000268913",72.8570574700598,-2.59401394238799,0.40184433893893,-6.45527058869982,1.08025709947726e-10,7.96689610864483e-09
"ENSG00000269289",8.28387852259141,-3.20308482971763,0.798126580893871,-4.01325417094905,5.98873674373651e-05,0.000998212308361822
"ENSG00000269728",301.775258068101,-1.12697735219813,0.237937941374264,-4.73643398647993,2.17511546595261e-06,5.6067296719458e-05
"ENSG00000269958",138.012600394973,-0.488299414920881,0.181874265675176,-2.68481861965549,0.00725691768663469,0.0499847728565017
"ENSG00000269959",10.9948155207941,1.66020679651404,0.569628613766167,2.91454248679221,0.0035621031890137,0.0290136998644214
"ENSG00000270093",11.0490039239026,2.03325900892884,0.603198798730532,3.37079419456397,0.000749518289600165,0.00842188477159556
"ENSG00000270504",407.83821157538,-0.751764949434234,0.16572229878465,-4.53629327463727,5.72515534396897e-06,0.000130682024851817
"ENSG00000270605",13.9099420737003,1.59254274038013,0.520923272358127,3.05715414320227,0.00223449337068799,0.0202378456599592
"ENSG00000270689",4.50365363924205,-4.177102959757,1.25036657573679,-3.34070267137108,0.000835666634984741,0.00918986059833811
"ENSG00000271930",24.8813697517867,1.01346294082852,0.337290432767067,3.00471890801722,0.00265826392110734,0.0232379280215334
"ENSG00000272168",89.1273208266447,1.61600649457848,0.448011090021188,3.60706806276168,0.000309676449744167,0.00403883285508445
"ENSG00000272325",360.441174756182,-0.397199781280443,0.146689812458124,-2.70775301041326,0.00677404149088758,0.0474206457647199
"ENSG00000272341",64.565342574033,1.4838045320123,0.363010667304087,4.08749567342424,4.36054805934961e-05,0.000763636014827181
"ENSG00000272349",13.4244384857169,-1.33348904244085,0.452167627355282,-2.94910330100452,0.00318697430451785,0.0265843435590055
"ENSG00000272356",22.9138032440381,-1.10797974741251,0.392665071223484,-2.82169163648861,0.00477710864943868,0.0363267447830679
"ENSG00000272384",4.6175075853947,2.35358581787037,0.846746372521801,2.7795640988232,0.0054431909827602,0.0400799145858155
"ENSG00000272430",47.2544978861782,-0.978454845018044,0.231072382970804,-4.23440842405504,2.29154140686421e-05,0.000443628094235118
"ENSG00000272565",296.418896051315,-0.805814368132203,0.207829817324948,-3.87727987496754,0.000105630823514631,0.0016264696396184
"ENSG00000272744",10.1516046733907,-1.65741275009701,0.570193012214577,-2.90675738669574,0.00365196319145493,0.0295444157393771
"ENSG00000272796",17.6402301824212,1.66342249350818,0.494579877559727,3.36330402626884,0.000770154957748692,0.00860693318686677
"ENSG00000272841",114.903469824879,2.05357726897901,0.520276246562363,3.94709019015892,7.91067630811229e-05,0.0012655871511867
"ENSG00000272870",130.636185365714,-1.05388557104664,0.196995557303558,-5.349793596729,8.80546008665144e-08,3.2214463722523e-06
"ENSG00000273038",87.5256011745019,-0.9104066739584,0.276454150357324,-3.29315610846022,0.000990694517741409,0.0105573724840734
"ENSG00000273117",6.6022063661777,2.2144431450381,0.82452430370153,2.68572210072743,0.00723732560345879,0.0499149379505917
"ENSG00000273131",388.014459479745,-0.699721657192914,0.122642972052719,-5.70535470138583,1.16101060058731e-08,5.31462611130915e-07
"ENSG00000273162",9.98620555547256,1.66996481275731,0.582539383166824,2.86669856324387,0.00414777870771184,0.0325237465967043
"ENSG00000273179",167.919940702057,1.40774107513564,0.458353705907451,3.07129855609782,0.00213129923813804,0.0194875458436044
"ENSG00000273259",8.86066459293051,-3.85931342484335,1.07004145278114,-3.60669524980796,0.000310121524911824,0.00404180122053734
"ENSG00000273290",166.795928298126,-0.52767270514715,0.137565627289056,-3.83578889251449,0.000125161885410943,0.00187289343024346
